fecha,n1,n2,n3,n4,n5,n6,n7,n8,n9,n10,n11,n12,n13,n14,n15,n16,n17,n18,n19,n20
2016-08-19,77,43,85,69,9,97,76,78,12,45,37,92,64,82,44,22,55,6,82,63
2016-08-20,75,35,97,89,77,19,46,4,15,68,74,96,32,37,46,18,12,47,22,66
2016-08-21,43,83,70,31,83,80,38,28,68,13,19,0,78,66,70,78,45,56,13,11
2016-08-22,66,47,56,76,63,55,55,30,3,43,21,40,85,23,5,28,29,66,55,78
2016-08-23,66,40,81,16,2,9,72,46,16,50,15,69,44,38,30,63,36,8,11,96
2016-08-24,90,69,26,96,77,71,44,27,9,90,45,20,30,57,17,85,75,71,43,62
2016-08-25,58,64,8,41,4,49,32,14,10,58,17,92,58,34,59,2,95,48,78,8
2016-08-26,48,49,93,57,47,26,33,52,43,2,82,89,14,55,10,67,28,65,72,76
2016-08-27,10,91,23,3,55,37,82,80,31,95,29,51,25,93,16,4,43,99,89,74
2016-08-28,89,89,51,31,77,66,37,9,74,26,93,24,12,83,15,17,59,87,19,31
2016-08-29,77,97,50,14,1,22,13,67,12,50,69,58,19,80,71,73,13,12,92,39
2016-08-30,30,48,66,95,28,92,2,55,63,10,14,41,96,59,93,80,46,78,1,10
2016-08-31,82,79,23,53,60,86,60,41,37,42,65,86,45,24,23,74,81,10,6,59
2016-09-01,14,82,31,14,92,16,28,15,11,2,5,17,5,59,68,39,31,50,87,85
2016-09-02,4,18,23,24,57,41,4,37,52,10,83,5,92,9,84,90,97,80,77,64
2016-09-03,77,13,53,51,85,46,38,63,26,13,47,41,23,36,36,32,37,68,29,94
2016-09-04,91,48,32,53,84,65,80,53,63,28,73,20,69,86,13,61,9,72,8,93
2016-09-05,13,95,80,59,78,79,94,25,59,9,61,17,56,57,46,52,76,79,49,59
2016-09-06,93,11,11,8,65,41,77,67,33,89,76,27,36,31,15,14,93,43,38,72
2016-09-07,55,93,78,47,37,98,71,95,11,85,63,12,58,68,1,45,82,29,45,44
2016-09-08,30,91,78,11,99,87,28,83,10,99,66,65,9,89,2,24,14,77,19,91
2016-09-09,65,3,0,5,60,80,23,84,5,80,92,77,69,83,4,20,12,50,74,63
2016-09-10,85,15,73,19,27,70,98,61,5,61,4,88,70,17,9,18,98,45,78,63
2016-09-11,57,14,94,30,57,69,64,94,14,50,40,47,11,13,27,30,42,61,63,41
2016-09-12,40,21,58,31,3,41,47,22,57,56,70,64,65,31,78,54,43,62,36,51
2016-09-13,73,88,92,50,52,79,31,83,49,11,7,84,5,28,33,17,31,74,1,82
2016-09-14,85,37,15,60,11,36,95,99,77,31,68,70,38,64,1,20,52,16,16,83
2016-09-15,98,55,83,99,14,44,39,8,75,43,46,15,18,90,4,23,29,49,58,49
2016-09-16,8,24,84,63,64,67,76,5,36,53,33,84,48,76,85,50,90,58,85,34
2016-09-17,49,53,10,39,91,63,17,33,19,2,92,44,30,59,0,27,70,63,98,62
2016-09-18,47,76,90,72,96,78,86,11,73,44,55,65,96,98,28,73,74,34,12,4
2016-09-19,77,48,98,46,97,41,79,8,55,80,92,82,3,37,4,10,67,71,77,86
2016-09-20,73,80,4,23,62,85,0,51,67,2,40,89,67,23,85,34,85,29,59,39
2016-09-21,27,88,18,8,34,71,80,99,29,40,13,57,99,70,59,39,91,49,13,36
2016-09-22,6,20,1,45,63,34,42,95,75,54,28,89,23,32,90,52,74,59,65,29
2016-09-23,24,32,15,87,28,56,79,78,43,47,99,67,81,90,78,18,56,10,65,95
2016-09-24,51,43,3,95,10,4,24,6,45,51,31,5,11,38,6,69,20,30,39,41
2016-09-25,0,11,86,0,50,48,33,43,78,84,26,32,24,47,68,22,33,93,4,46
2016-09-26,71,15,4,13,91,0,18,3,11,62,24,56,59,84,0,85,61,16,77,85
2016-09-27,25,91,45,60,98,36,81,31,79,60,21,41,31,7,2,34,1,16,72,70
2016-09-28,73,31,89,59,12,14,69,17,50,99,0,1,99,58,12,89,88,53,62,27
2016-09-29,5,59,29,66,83,1,59,23,87,25,61,55,39,67,72,56,75,98,41,51
2016-09-30,1,79,52,40,9,88,39,68,14,96,17,19,85,91,21,46,73,87,37,51
2016-10-01,74,73,78,56,10,90,86,79,9,20,74,2,97,37,71,88,39,31,60,58
2016-10-02,40,60,93,46,19,37,39,13,16,68,33,95,24,9,75,88,27,20,18,52
2016-10-03,46,25,4,48,95,65,49,11,25,29,76,87,90,98,98,95,7,13,30,55
2016-10-04,9,84,61,54,16,25,16,85,58,73,29,37,40,76,77,20,94,12,89,10
2016-10-05,26,84,17,41,44,24,71,85,87,33,53,24,24,16,94,88,77,51,49,52
2016-10-06,53,43,13,12,95,48,95,16,55,20,25,3,11,91,32,60,46,40,53,18
2016-10-07,98,81,74,46,15,92,34,5,34,79,62,75,79,21,92,43,63,0,99,28
2016-10-08,6,45,12,15,63,39,92,31,72,46,65,59,47,95,34,17,67,84,4,44
2016-10-09,89,74,99,53,65,30,94,36,73,40,56,71,50,90,41,64,34,40,44,12
2016-10-10,9,66,65,66,1,32,19,77,86,24,66,12,27,13,28,67,91,20,54,70
2016-10-11,95,61,25,62,32,97,39,68,2,40,87,61,44,93,85,32,54,48,63,33
2016-10-12,24,91,92,84,97,74,76,76,48,45,24,64,28,25,58,40,21,81,86,16
2016-10-13,0,33,79,83,13,77,11,39,99,19,15,42,61,93,98,6,13,79,27,88
2016-10-14,66,11,83,17,42,55,50,68,65,99,99,51,9,72,97,31,46,42,5,67
2016-10-15,35,78,83,82,41,32,74,80,49,89,14,87,9,15,53,6,5,0,43,77
2016-10-16,3,65,82,16,14,86,82,53,81,9,39,73,25,75,50,75,46,36,21,20
2016-10-17,75,11,8,17,17,82,39,99,13,65,44,39,87,97,87,19,22,65,28,73
2016-10-18,56,55,82,71,2,4,60,48,26,41,75,82,56,38,27,52,31,56,67,6
2016-10-19,0,21,89,64,17,89,46,47,93,5,21,58,19,67,21,9,20,42,17,13
2016-10-20,86,32,36,5,35,26,61,20,88,92,9,10,11,61,12,85,75,81,52,99
2016-10-21,4,40,32,94,57,80,17,97,49,49,97,38,39,58,12,32,19,10,86,58
2016-10-22,35,40,43,63,92,93,39,32,45,56,46,65,55,32,34,37,9,16,72,38
2016-10-23,21,56,75,25,82,92,59,66,5,94,39,92,57,0,3,68,56,2,74,85
2016-10-24,49,46,0,78,33,87,37,56,27,16,77,49,53,96,96,85,18,59,87,37
2016-10-25,10,81,48,56,98,60,42,36,41,11,79,83,28,30,87,2,52,46,69,16
2016-10-26,66,37,61,4,46,52,21,13,18,34,9,94,40,80,97,8,65,87,63,42
2016-10-27,43,3,53,99,95,4,70,30,90,4,93,83,11,5,83,15,53,91,56,39
2016-10-28,44,6,96,31,18,28,96,9,86,70,83,97,84,94,12,79,54,54,89,97
2016-10-29,70,48,45,38,36,39,8,7,77,44,93,61,3,15,20,97,21,51,93,97
2016-10-30,23,4,15,6,19,56,91,53,62,20,80,61,86,94,34,9,22,43,94,37
2016-10-31,77,54,18,32,65,67,43,22,72,16,93,18,10,49,51,50,43,99,48,47
2016-11-01,42,6,59,22,63,5,98,46,89,47,6,82,64,78,42,63,85,63,34,66
2016-11-02,67,96,37,42,81,50,73,45,21,74,13,19,62,74,89,27,11,95,15,19
2016-11-03,29,52,88,76,70,17,35,47,14,27,30,12,55,70,6,48,78,74,81,44
2016-11-04,82,24,36,17,46,39,24,75,31,27,13,43,30,36,23,76,93,49,64,86
2016-11-05,99,61,88,90,79,46,8,1,47,49,40,56,55,83,10,22,79,84,99,87
2016-11-06,88,31,40,26,60,93,34,55,29,16,19,5,94,40,83,68,19,17,81,26
2016-11-07,91,14,67,81,23,27,96,26,42,43,25,77,77,37,83,21,0,57,99,3
2016-11-08,20,51,80,8,39,74,37,18,19,41,47,86,64,69,98,41,40,92,24,72
2016-11-09,75,9,46,20,18,46,28,79,90,80,26,27,25,13,94,40,22,84,39,3
2016-11-10,16,63,78,21,91,85,84,22,5,86,30,61,75,12,78,93,72,44,87,52
2016-11-11,74,82,74,28,11,23,50,50,58,39,78,91,24,73,67,52,18,79,96,72
2016-11-12,91,98,35,63,47,98,9,41,87,28,78,38,97,88,30,77,33,60,65,82
2016-11-13,2,22,71,56,49,5,34,86,3,39,94,5,74,25,86,74,88,21,53,77
2016-11-14,24,23,2,95,71,63,74,53,47,44,64,20,88,81,34,57,14,97,90,92
2016-11-15,33,16,21,9,12,7,98,7,13,82,58,77,63,88,63,52,71,44,34,46
2016-11-16,16,79,26,15,24,84,33,68,85,7,76,30,21,68,90,29,56,28,55,62
2016-11-17,61,62,13,69,67,68,7,44,40,8,22,44,74,23,82,54,76,47,49,61
2016-11-18,92,49,52,60,73,7,51,48,92,49,46,96,45,18,21,9,0,43,76,73
2016-11-19,3,56,15,94,16,62,32,64,41,75,23,90,50,75,84,99,22,28,25,26
2016-11-20,58,99,99,52,63,85,93,20,52,83,30,43,98,98,90,79,26,32,54,56
2016-11-21,50,63,40,74,33,33,12,18,85,44,22,75,55,2,31,17,65,27,6,5
2016-11-22,58,2,84,15,60,44,44,7,80,89,1,17,90,54,15,20,65,72,59,95
2016-11-23,49,30,47,35,22,4,35,71,1,43,64,61,77,81,71,10,47,60,24,4
2016-11-24,22,45,41,17,82,92,20,92,1,92,95,1,76,97,90,97,55,7,84,61
2016-11-25,61,41,57,15,73,7,72,84,47,50,31,96,73,36,17,21,46,94,73,21
2016-11-26,85,37,85,24,61,92,25,69,98,15,8,67,33,7,47,75,28,33,84,52
2016-11-27,84,44,95,65,11,88,48,14,15,68,4,28,13,44,41,52,27,3,61,37
2016-11-28,65,10,1,24,45,39,81,37,53,59,2,51,34,42,10,78,94,2,60,76
2016-11-29,28,78,63,92,98,4,44,54,14,33,98,1,45,84,32,47,97,47,13,5
2016-11-30,94,26,50,9,42,93,50,97,25,50,85,44,27,85,38,53,97,18,30,3
2016-12-01,39,20,68,18,67,26,35,34,71,46,36,85,57,21,90,34,3,49,12,23
2016-12-02,74,13,80,93,60,71,71,99,34,16,51,53,17,61,1,92,26,3,10,24
2016-12-03,27,3,27,19,37,38,33,32,8,2,20,75,99,92,50,53,31,77,76,84
2016-12-04,89,43,76,80,30,92,9,99,77,9,65,3,77,79,60,85,9,27,41,4
2016-12-05,44,26,39,42,87,27,89,42,32,50,41,25,50,15,35,56,41,82,25,96
2016-12-06,78,96,83,14,52,16,81,58,26,92,11,56,72,5,59,81,6,51,25,66
2016-12-07,11,93,89,18,32,58,71,44,15,10,99,45,87,48,92,8,11,92,94,31
2016-12-08,35,45,41,19,89,25,70,6,3,65,33,65,9,94,74,87,13,32,36,53
2016-12-09,29,6,36,25,38,19,26,62,38,34,53,77,37,58,96,52,90,79,5,42
2016-12-10,69,98,45,9,56,12,75,50,72,86,62,61,75,84,86,3,55,21,86,64
2016-12-11,42,18,33,70,20,9,88,76,19,29,97,70,61,30,29,3,72,4,0,72
2016-12-12,94,75,47,48,43,32,52,43,59,89,99,7,38,18,35,28,17,76,49,91
2016-12-13,3,6,40,8,26,98,20,19,57,49,58,37,82,13,42,68,86,36,56,6
2016-12-14,17,6,72,28,72,6,86,83,8,2,5,85,23,54,42,79,48,50,98,15
2016-12-15,83,5,47,88,66,68,26,41,36,52,46,32,30,25,36,14,87,60,13,69
2016-12-16,84,23,15,0,4,76,98,4,74,7,59,75,35,1,59,99,25,18,12,55
2016-12-17,59,79,75,89,80,24,55,29,32,93,68,97,41,53,48,10,23,52,6,93
2016-12-18,12,19,76,9,90,72,6,69,63,75,82,71,58,32,69,95,58,66,43,75
2016-12-19,99,16,20,53,48,57,4,40,58,58,65,72,64,79,62,53,60,10,27,52
2016-12-20,87,67,9,59,22,73,82,59,59,33,44,86,72,51,36,5,14,19,37,94
2016-12-21,50,23,10,33,81,38,77,80,11,60,95,40,5,92,88,52,55,21,81,49
2016-12-22,3,68,95,82,27,5,94,93,53,64,46,41,11,9,23,83,14,22,54,21
2016-12-23,16,56,36,62,91,15,91,90,82,63,62,63,69,1,95,58,78,37,1,50
2016-12-24,50,43,33,24,52,37,96,17,31,29,54,49,64,95,28,69,2,26,46,3
2016-12-25,61,67,74,51,60,39,4,9,65,99,1,55,75,82,54,61,69,85,12,92
2016-12-26,2,83,7,19,0,44,33,16,45,40,76,89,65,12,29,91,8,40,94,95
2016-12-27,41,66,45,75,3,14,61,23,66,35,88,81,49,77,27,49,19,86,82,90
2016-12-28,87,95,22,93,57,42,56,34,28,24,8,49,88,63,52,42,46,20,82,19
2016-12-29,71,75,57,86,29,88,72,79,66,84,99,42,81,74,45,92,39,56,10,22
2016-12-30,84,39,39,24,49,80,89,7,57,46,61,44,39,47,58,50,47,81,74,34
2016-12-31,80,85,15,58,28,73,23,67,25,51,94,38,87,98,87,16,81,3,39,87
2017-01-01,68,53,38,81,70,46,89,22,17,64,97,24,24,13,86,22,50,99,1,55
2017-01-02,51,80,35,41,16,74,78,13,39,89,0,29,55,33,27,46,18,52,70,57
2017-01-03,9,84,17,76,36,78,20,18,49,3,22,72,83,8,88,79,86,69,67,52
2017-01-04,65,91,10,31,7,94,44,67,84,99,16,79,88,4,75,35,64,51,25,13
2017-01-05,11,10,63,35,21,69,68,53,93,38,83,7,73,98,84,57,62,35,67,77
2017-01-06,99,49,6,59,11,24,32,73,18,16,4,87,69,3,2,55,28,59,43,92
2017-01-07,28,67,5,95,98,73,46,21,81,73,22,45,46,82,68,64,64,27,37,4
2017-01-08,78,43,43,24,20,58,23,6,76,37,38,43,81,32,75,93,66,43,74,45
2017-01-09,41,52,31,10,41,12,41,55,93,3,62,45,2,24,11,21,27,40,52,0
2017-01-10,16,9,54,32,54,22,2,94,10,12,14,98,61,61,98,8,97,20,62,42
2017-01-11,38,93,14,99,37,64,96,5,92,56,70,14,53,67,45,15,24,85,3,70
2017-01-12,99,0,16,67,5,58,68,58,36,69,59,20,56,88,66,47,32,8,24,1
2017-01-13,98,22,81,16,28,41,32,79,95,87,15,77,14,91,51,33,15,1,24,91
2017-01-14,79,96,10,59,25,54,32,28,57,18,46,65,12,93,50,81,65,71,71,87
2017-01-15,61,27,9,60,6,24,6,54,16,61,79,82,30,54,56,47,65,21,97,9
2017-01-16,82,59,24,74,8,77,58,11,7,75,29,88,76,69,27,70,94,9,32,23
2017-01-17,39,74,47,57,31,14,26,85,60,37,78,6,25,23,98,70,61,0,18,63
2017-01-18,37,92,76,44,74,97,46,64,91,24,88,9,64,78,61,49,61,15,21,26
2017-01-19,59,44,24,88,37,44,40,18,73,44,1,96,81,72,86,90,33,61,60,26
2017-01-20,22,11,65,78,76,31,20,45,54,91,87,91,85,96,46,4,8,39,25,16
2017-01-21,95,19,95,76,64,67,33,64,18,93,30,25,71,65,45,63,15,67,27,27
2017-01-22,16,33,33,45,19,19,54,12,68,94,42,90,9,4,72,76,84,5,77,37
2017-01-23,30,17,99,6,82,63,73,71,85,18,0,59,35,12,18,33,7,5,91,31
2017-01-24,98,96,14,71,60,69,9,18,7,60,98,67,71,98,67,4,86,36,0,50
2017-01-25,93,25,49,17,5,8,72,86,14,28,19,2,55,69,64,38,55,9,15,93
2017-01-26,76,92,91,64,92,41,0,6,10,9,35,70,79,59,14,74,35,1,28,33
2017-01-27,27,81,75,69,13,80,67,19,64,48,43,11,51,9,16,13,95,28,35,32
2017-01-28,89,56,91,29,11,55,34,80,87,47,97,55,27,48,3,80,10,30,56,4
2017-01-29,7,69,7,47,33,22,18,76,95,14,95,59,64,70,70,81,48,53,32,10
2017-01-30,66,3,27,9,19,63,62,42,9,43,35,72,57,49,48,96,75,49,47,2
2017-01-31,94,31,25,99,71,4,6,2,59,7,93,93,54,61,29,6,73,10,8,31
2017-02-01,1,43,70,80,60,84,40,84,50,22,94,27,2,24,36,35,52,88,29,52
2017-02-02,34,82,15,10,50,67,79,58,77,39,3,11,3,32,49,35,56,48,67,66
2017-02-03,31,34,58,59,31,33,69,64,13,44,89,3,85,16,50,42,1,91,45,95
2017-02-04,28,86,92,55,20,68,54,94,43,26,13,69,97,2,74,92,7,11,69,64
2017-02-05,6,83,52,90,87,81,51,25,50,10,65,13,51,5,29,23,62,78,5,85
2017-02-06,86,34,65,40,15,52,8,87,92,82,56,55,98,24,7,56,32,32,0,59
2017-02-07,26,18,4,36,87,33,67,75,32,82,69,55,0,3,99,78,93,90,2,79
2017-02-08,45,78,0,28,75,79,61,30,31,96,43,44,55,40,55,43,82,90,93,56
2017-02-09,44,70,83,56,69,74,67,74,20,49,58,0,85,61,12,81,71,75,39,85
2017-02-10,41,57,0,64,71,56,49,80,68,27,95,70,98,97,91,75,60,17,54,76
2017-02-11,52,86,10,38,50,43,10,15,83,48,4,1,47,16,70,79,22,59,15,30
2017-02-12,88,54,88,22,33,47,48,99,11,85,86,55,34,51,29,79,49,92,62,51
2017-02-13,71,50,90,18,97,81,86,48,83,30,76,14,30,44,32,38,82,25,74,7
2017-02-14,76,79,40,72,91,80,39,48,77,29,80,32,80,8,4,99,86,88,95,43
2017-02-15,28,13,50,22,93,0,14,24,19,22,65,32,61,89,60,69,36,15,32,96
2017-02-16,62,27,45,83,66,56,88,67,64,18,10,96,59,41,58,6,82,21,80,53
2017-02-17,27,3,81,17,5,75,35,38,24,85,29,21,30,20,31,8,15,41,87,5
2017-02-18,21,90,89,67,24,41,21,12,37,57,35,61,29,34,79,87,32,57,27,5
2017-02-19,73,17,42,48,18,9,34,95,61,38,3,60,9,54,75,42,29,4,2,43
2017-02-20,88,24,57,68,6,15,33,67,43,73,86,75,99,75,85,83,73,80,93,47
2017-02-21,63,51,85,43,81,79,96,24,70,75,93,90,57,57,16,97,25,72,79,44
2017-02-22,21,18,85,51,9,71,25,87,30,20,8,51,45,75,46,34,26,27,92,16
2017-02-23,98,32,8,24,5,79,51,33,66,63,93,96,68,81,79,49,70,7,75,96
2017-02-24,8,83,93,22,52,92,96,12,34,69,22,32,2,15,56,65,64,77,41,27
2017-02-25,1,20,31,17,2,15,66,62,93,79,56,13,56,6,43,39,42,27,68,84
2017-02-26,76,62,53,3,72,54,27,32,93,62,47,62,41,47,29,43,68,3,79,28
2017-02-27,68,64,65,60,95,50,73,70,23,28,42,27,36,39,60,21,80,43,70,8
2017-02-28,46,2,67,34,94,32,56,25,62,46,37,20,11,11,99,41,0,95,1,41
2017-03-01,71,91,71,46,97,3,98,84,92,25,14,66,51,52,92,62,31,40,13,19
2017-03-02,14,81,70,53,37,66,81,88,54,81,51,47,86,38,39,30,51,54,66,43
2017-03-03,21,86,34,92,20,56,53,82,13,90,53,58,51,3,49,26,34,64,49,9
2017-03-04,7,18,19,60,17,88,20,9,87,29,42,95,94,71,6,59,98,94,10,39
2017-03-05,31,12,69,27,34,9,49,15,43,14,95,14,52,19,7,20,5,13,49,65
2017-03-06,8,44,58,23,37,7,22,46,99,99,97,42,8,32,23,1,9,45,33,18
2017-03-07,71,35,85,24,53,18,49,15,16,61,26,17,92,4,56,54,25,45,8,72
2017-03-08,22,19,31,90,79,94,65,66,48,90,51,35,64,54,12,39,31,84,37,82
2017-03-09,44,75,13,92,48,25,24,26,36,71,94,66,54,44,82,84,29,95,39,80
2017-03-10,96,70,16,58,11,78,28,69,91,18,39,64,41,17,2,40,64,57,15,45
2017-03-11,36,27,72,30,54,92,53,61,7,17,10,76,83,18,21,32,59,62,68,90
2017-03-12,29,65,55,30,90,9,71,72,91,51,32,82,77,50,76,26,58,86,31,48
2017-03-13,95,79,88,38,99,15,51,47,79,90,73,62,42,51,50,2,50,85,70,79
2017-03-14,39,52,3,38,47,25,3,69,43,41,24,53,43,47,58,0,90,7,45,20
2017-03-15,52,28,86,39,63,24,1,40,53,45,96,70,99,29,78,55,61,98,65,89
2017-03-16,72,12,69,48,91,80,10,13,6,49,8,72,55,83,27,51,11,88,17,10
2017-03-17,20,80,10,61,74,75,19,6,44,20,69,35,44,11,56,18,67,7,97,68
2017-03-18,18,1,33,15,21,87,60,17,55,25,97,3,73,77,6,17,38,86,53,65
2017-03-19,78,82,47,50,71,26,85,2,19,80,34,14,18,53,84,7,3,46,95,27
2017-03-20,95,88,28,81,68,51,42,81,79,75,99,47,80,86,21,4,40,85,28,70
2017-03-21,0,35,61,12,89,15,90,21,99,60,8,6,7,58,80,40,44,58,53,68
2017-03-22,47,71,99,35,1,12,55,34,93,62,52,79,25,81,0,61,93,78,85,39
2017-03-23,82,55,61,5,20,55,5,74,84,92,10,93,6,47,84,7,1,2,51,81
2017-03-24,12,12,56,23,73,94,76,87,51,83,18,6,65,5,89,69,95,31,48,74
2017-03-25,24,54,65,97,74,11,47,58,14,43,28,11,51,16,59,16,72,19,89,2
2017-03-26,52,32,22,47,84,91,30,15,72,58,20,76,51,65,35,43,18,75,15,77
2017-03-27,79,74,1,27,46,59,91,37,87,16,37,5,74,15,25,77,53,1,0,51
2017-03-28,30,18,61,22,59,37,18,13,23,2,30,90,83,37,57,56,82,23,29,30
2017-03-29,4,31,87,91,10,45,38,48,55,2,84,97,65,66,52,33,14,58,4,82
2017-03-30,42,41,32,96,17,15,16,65,99,23,90,27,64,4,49,65,53,23,82,97
2017-03-31,45,63,79,24,86,28,77,11,28,53,52,85,99,10,27,35,47,49,85,77
2017-04-01,1,45,61,46,13,39,41,18,75,32,58,51,87,12,11,30,43,29,76,24
2017-04-02,8,41,77,85,73,55,72,68,23,55,77,31,65,48,50,9,66,86,14,36
2017-04-03,4,2,98,49,35,27,98,25,72,28,7,68,0,67,25,74,76,72,2,70
2017-04-04,99,24,27,81,16,66,75,3,55,57,30,87,16,36,84,19,82,7,48,7
2017-04-05,67,79,84,98,67,76,50,91,64,88,23,49,72,20,21,97,43,18,33,39
2017-04-06,62,92,98,65,69,32,85,21,10,97,86,30,67,46,32,28,13,54,44,51
2017-04-07,21,93,63,89,10,62,84,33,19,26,27,44,32,27,64,5,34,68,17,22
2017-04-08,20,0,47,3,27,99,91,21,31,46,84,80,12,12,41,87,88,10,57,15
2017-04-09,68,91,45,8,57,40,81,34,87,27,15,30,3,28,66,14,11,13,7,87
2017-04-10,94,4,76,73,99,34,28,45,85,72,47,24,72,85,39,66,40,47,52,77
2017-04-11,97,44,34,37,13,29,8,42,16,34,79,24,61,90,56,19,34,59,50,14
2017-04-12,44,54,26,61,7,33,80,25,60,41,31,91,34,23,90,74,68,4,13,63
2017-04-13,20,22,77,28,7,3,44,61,86,11,19,52,36,48,92,54,41,98,6,93
2017-04-14,50,50,92,50,43,27,65,56,21,70,64,39,0,44,0,7,43,8,27,65
2017-04-15,30,99,91,58,96,86,31,74,13,68,49,1,27,95,31,18,18,47,84,75
2017-04-16,43,20,4,46,81,72,40,59,43,57,51,68,50,94,42,1,23,50,54,55
2017-04-17,71,27,66,70,41,40,17,41,78,90,59,29,68,74,33,82,7,1,12,15
2017-04-18,87,42,27,42,39,30,13,65,13,77,20,73,80,12,8,94,46,63,2,27
2017-04-19,50,88,27,77,66,11,29,23,44,63,43,24,69,58,51,55,22,68,38,36
2017-04-20,14,59,60,34,85,84,10,69,39,99,22,28,44,26,69,48,22,50,88,79
2017-04-21,49,28,17,87,71,57,87,12,68,21,12,46,38,94,32,81,74,66,92,40
2017-04-22,38,16,27,87,47,34,21,48,71,28,75,62,78,25,63,15,36,72,63,18
2017-04-23,85,5,59,98,53,80,59,78,65,69,22,74,23,98,22,23,85,24,36,71
2017-04-24,15,15,48,24,23,0,37,31,3,62,62,7,31,87,58,41,46,20,81,91
2017-04-25,91,22,31,16,30,33,63,18,91,10,0,85,70,35,59,22,16,47,35,61
2017-04-26,21,66,76,16,4,43,77,65,70,40,23,53,20,72,19,29,50,48,60,43
2017-04-27,91,83,87,62,63,60,43,32,59,2,0,85,4,52,61,19,89,19,88,76
2017-04-28,24,15,31,39,24,99,22,83,15,98,22,42,55,12,81,27,54,54,60,5
2017-04-29,16,16,30,14,92,51,62,35,27,50,29,34,45,50,98,22,48,14,34,71
2017-04-30,17,58,41,5,93,41,78,41,93,29,41,75,34,36,99,55,68,64,82,86
2017-05-01,56,29,2,61,82,45,16,28,50,83,17,61,75,93,11,92,60,76,5,50
2017-05-02,62,30,43,55,55,4,43,21,91,97,29,17,21,47,87,50,5,3,22,84
2017-05-03,62,56,31,92,33,83,89,48,89,27,65,8,47,21,6,0,32,58,45,30
2017-05-04,99,93,12,41,64,73,36,74,12,33,71,62,83,4,17,4,19,0,50,52
2017-05-05,65,38,0,67,5,86,2,53,89,57,60,68,12,67,88,97,44,34,75,54
2017-05-06,25,17,17,45,17,1,5,92,7,7,45,24,96,91,40,44,37,3,29,12
2017-05-07,10,56,9,10,48,44,13,0,19,23,80,91,40,40,71,62,18,10,43,56
2017-05-08,13,29,30,26,46,65,50,20,10,82,47,6,25,80,75,87,60,42,42,19
2017-05-09,65,58,15,88,36,4,32,86,91,49,95,87,82,85,38,75,57,71,17,73
2017-05-10,95,30,98,37,19,11,78,55,30,60,33,44,86,66,76,58,99,24,26,9
2017-05-11,55,61,72,33,1,63,99,29,18,28,42,25,34,63,34,39,4,91,40,32
2017-05-12,8,63,86,4,14,14,60,92,43,34,76,74,24,16,35,77,69,66,82,27
2017-05-13,33,4,86,58,29,6,72,74,66,20,91,75,65,65,90,92,59,41,36,81
2017-05-14,64,7,14,90,88,95,42,78,82,31,14,99,3,59,65,68,25,72,21,82
2017-05-15,21,69,78,18,23,77,8,19,45,93,56,38,97,46,43,41,31,32,68,4
2017-05-16,68,20,38,14,55,72,35,16,22,81,26,77,33,18,72,46,3,95,14,35
2017-05-17,38,48,78,0,93,64,95,81,92,60,35,44,65,42,73,9,82,20,94,15
2017-05-18,12,81,81,73,96,27,82,35,53,44,0,57,74,17,93,53,17,64,19,6
2017-05-19,68,11,10,73,5,80,79,14,51,9,63,6,94,20,68,12,20,45,57,99
2017-05-20,2,0,35,36,88,91,88,14,41,74,31,66,23,32,86,25,96,30,2,25
2017-05-21,17,50,11,62,87,36,16,40,78,59,10,53,46,32,11,98,17,19,14,57
2017-05-22,44,24,42,67,28,91,30,19,95,81,34,84,51,34,83,75,29,60,36,0
2017-05-23,96,54,59,59,55,29,97,62,67,45,28,6,35,17,66,87,30,33,67,14
2017-05-24,92,36,10,17,93,24,66,15,19,87,14,1,50,86,32,12,98,67,85,75
2017-05-25,69,38,32,71,71,95,56,29,48,61,42,79,58,0,56,63,91,41,57,47
2017-05-26,53,6,89,91,54,55,5,59,42,70,4,71,28,65,62,22,44,83,60,6
2017-05-27,44,31,64,61,1,60,73,76,5,30,42,17,42,7,11,66,26,71,4,56
2017-05-28,39,79,78,37,62,22,58,8,43,18,88,44,59,36,28,20,91,79,13,74
2017-05-29,41,1,52,13,20,69,25,89,65,83,61,86,36,54,51,90,16,57,75,37
2017-05-30,86,37,17,58,42,1,6,19,76,89,54,10,53,85,74,29,12,90,85,5
2017-05-31,82,9,6,75,53,41,90,83,5,61,77,55,98,68,10,19,82,99,9,10
2017-06-01,76,6,6,88,80,88,65,32,90,29,27,88,68,89,15,95,61,66,91,38
2017-06-02,71,64,78,89,68,6,18,95,96,96,3,38,75,75,8,60,14,49,23,5
2017-06-03,8,91,74,93,46,41,35,61,35,74,80,87,24,52,22,3,70,54,72,8
2017-06-04,99,99,46,86,24,73,87,81,81,46,81,69,13,11,77,62,51,90,65,39
2017-06-05,41,60,76,56,50,72,70,83,6,75,51,7,67,71,52,79,30,20,35,41
2017-06-06,69,84,72,17,36,15,68,24,52,79,67,29,33,65,54,9,87,51,47,19
2017-06-07,37,33,27,56,46,88,94,21,10,78,99,86,2,25,4,82,58,51,55,25
2017-06-08,60,3,64,73,67,33,82,71,12,19,63,28,11,15,16,47,60,17,71,28
2017-06-09,31,22,78,95,49,4,26,15,84,8,96,58,51,84,2,77,11,84,52,6
2017-06-10,83,2,13,79,46,88,63,62,29,13,96,10,52,27,26,59,79,77,86,29
2017-06-11,46,0,74,30,56,16,81,81,87,4,99,24,30,24,26,55,23,39,65,83
2017-06-12,69,59,14,81,3,26,5,66,36,65,34,45,45,4,43,64,54,7,66,30
2017-06-13,1,15,49,31,69,24,77,28,62,79,38,4,53,99,96,22,75,34,16,66
2017-06-14,50,53,82,33,66,36,4,37,95,48,10,68,96,90,57,37,58,81,86,81
2017-06-15,45,11,56,15,6,49,65,85,78,85,76,70,1,62,12,5,15,82,74,94
2017-06-16,97,89,13,87,83,87,15,11,92,17,36,45,12,2,99,87,91,28,22,42
2017-06-17,45,0,77,99,52,38,39,9,26,50,43,54,84,22,2,3,13,57,80,88
2017-06-18,63,40,15,40,33,87,48,22,28,13,91,5,1,18,81,52,62,35,6,85
2017-06-19,19,3,57,8,9,80,49,24,34,72,6,11,61,60,97,37,6,53,63,13
2017-06-20,55,19,84,83,42,96,97,12,36,60,8,38,26,95,41,76,38,13,86,0
2017-06-21,5,36,68,34,6,31,24,0,53,11,28,64,72,26,32,24,95,19,18,44
2017-06-22,18,15,9,64,61,65,77,32,91,73,80,72,35,28,42,9,45,4,0,93
2017-06-23,68,56,34,57,89,65,60,46,34,69,98,42,39,42,42,99,70,35,37,43
2017-06-24,3,52,81,66,19,72,71,26,62,61,83,13,19,48,4,41,78,14,45,98
2017-06-25,50,49,55,18,14,67,39,28,3,84,3,74,38,59,24,15,53,69,19,43
2017-06-26,44,21,56,14,50,11,48,31,45,43,90,48,81,22,35,7,42,66,83,56
2017-06-27,64,17,3,79,16,9,93,96,61,37,83,20,42,35,91,91,65,11,48,24
2017-06-28,88,13,5,70,45,83,7,80,3,2,46,22,59,2,3,72,21,65,74,5
2017-06-29,76,26,38,8,83,56,50,96,33,89,71,92,90,99,13,79,80,64,27,96
2017-06-30,20,49,52,16,72,8,69,84,34,70,15,84,95,15,69,50,53,70,48,60
2017-07-01,23,37,86,10,59,18,84,57,40,24,43,95,50,46,74,37,42,33,15,71
2017-07-02,87,90,88,45,28,63,95,72,49,68,77,91,76,43,27,49,32,94,50,47
2017-07-03,34,63,52,12,86,35,43,20,55,70,88,5,97,70,28,20,29,87,29,46
2017-07-04,70,87,65,75,17,87,27,12,97,20,13,62,31,13,60,75,79,15,55,81
2017-07-05,16,20,0,52,19,72,96,20,64,21,1,75,43,94,53,15,44,20,87,69
2017-07-06,34,52,66,78,8,2,11,39,46,13,41,44,10,91,59,38,50,31,85,57
2017-07-07,49,91,83,81,22,15,69,46,68,76,29,28,49,27,66,74,47,72,51,71
2017-07-08,22,73,71,26,55,85,24,73,95,86,40,60,99,56,11,4,79,42,24,34
2017-07-09,75,46,86,73,97,88,25,65,2,99,26,66,84,16,84,1,44,47,37,58
2017-07-10,91,32,57,87,77,4,94,4,58,57,78,14,17,75,14,46,73,65,21,30
2017-07-11,96,44,4,21,34,99,30,2,51,8,27,99,70,5,44,17,12,58,50,74
2017-07-12,89,24,92,51,25,84,3,55,72,27,86,24,83,7,15,38,85,14,87,22
2017-07-13,45,35,11,94,43,69,57,50,61,89,69,53,64,60,43,62,44,75,96,95
2017-07-14,82,60,74,17,47,25,0,96,86,51,25,69,43,80,99,34,24,26,9,39
2017-07-15,1,11,27,15,73,10,86,22,10,1,71,25,50,11,98,12,41,85,24,26
2017-07-16,80,27,0,42,1,90,64,58,20,69,67,6,88,57,79,26,12,70,79,38
2017-07-17,2,81,20,33,62,9,7,2,91,31,66,98,66,52,52,37,59,95,78,42
2017-07-18,33,88,13,84,25,71,80,47,19,84,36,32,51,43,68,13,43,89,3,45
2017-07-19,66,88,59,82,22,35,94,88,55,47,45,5,89,81,45,27,34,12,72,55
2017-07-20,23,62,97,12,45,49,16,53,60,15,15,85,31,63,62,83,73,84,62,44
2017-07-21,39,37,41,12,42,38,3,27,75,57,80,54,85,79,9,97,1,59,79,33
2017-07-22,59,36,6,0,9,9,61,52,45,69,1,27,77,90,43,8,79,88,41,24
2017-07-23,4,59,90,67,31,64,83,47,81,39,34,58,46,97,51,38,39,54,35,72
2017-07-24,38,38,61,6,65,50,45,71,75,84,37,32,71,58,63,55,77,19,55,15
2017-07-25,40,66,49,37,88,77,52,95,42,78,16,28,33,10,50,19,63,19,12,96
2017-07-26,65,93,48,3,57,55,1,86,61,74,49,61,25,97,40,16,5,63,98,89
2017-07-27,70,99,72,33,60,7,22,41,20,95,99,37,70,40,13,33,23,32,21,11
2017-07-28,21,90,8,32,52,35,51,4,64,56,68,56,43,35,22,50,2,32,67,10
2017-07-29,6,65,39,80,93,95,42,26,60,62,62,32,6,21,15,12,92,1,60,94
2017-07-30,36,52,69,31,47,81,74,80,98,37,74,60,66,73,74,88,34,65,28,59
2017-07-31,75,79,42,50,33,16,26,91,30,97,24,72,57,69,64,70,90,56,6,27
2017-08-01,70,49,54,59,38,77,72,71,71,89,59,96,11,63,71,47,28,55,36,90
2017-08-02,35,17,57,39,9,56,53,17,59,56,77,36,24,95,56,2,82,19,78,70
2017-08-03,96,96,27,76,31,62,59,5,0,5,12,25,90,51,79,83,73,39,86,74
2017-08-04,74,90,59,52,89,45,81,5,0,52,7,97,0,71,24,96,38,2,2,55
2017-08-05,98,97,33,48,10,52,59,25,61,89,0,22,20,12,16,62,10,73,88,92
2017-08-06,66,19,8,23,96,96,38,32,51,29,97,22,36,42,12,38,85,14,58,40
2017-08-07,17,1,27,6,37,81,71,94,42,70,66,21,30,52,79,46,22,99,11,95
2017-08-08,80,83,79,20,63,75,74,27,18,32,47,57,83,76,67,26,47,33,23,1
2017-08-09,33,25,57,6,27,4,64,56,33,14,95,58,67,53,80,89,38,69,22,65
2017-08-10,39,0,95,86,29,99,31,45,85,30,45,66,13,42,30,67,13,23,71,15
2017-08-11,42,71,76,9,85,72,33,76,72,60,55,73,99,57,80,74,85,95,19,16
2017-08-12,58,44,57,79,93,41,71,19,53,2,50,54,73,64,35,0,11,97,92,32
2017-08-13,25,43,68,35,6,40,26,32,16,65,52,27,55,49,79,95,13,88,70,69
2017-08-14,37,34,0,98,60,40,54,4,17,62,51,78,65,60,81,6,69,71,27,19
2017-08-15,21,19,52,13,65,10,2,31,19,98,30,22,19,37,60,78,36,62,48,84
2017-08-16,56,28,70,82,46,98,87,19,78,60,53,51,85,61,53,4,44,90,71,5
2017-08-17,88,82,54,2,56,5,32,62,91,35,86,91,2,23,70,75,39,65,61,73
2017-08-18,71,8,15,13,93,91,79,11,57,18,36,26,82,14,64,98,68,7,90,64
2017-08-19,45,65,87,47,53,45,7,78,12,39,38,28,40,61,31,17,86,97,45,32
2017-08-20,4,3,39,93,73,34,96,42,27,42,21,88,36,65,38,90,64,48,13,90
2017-08-21,54,28,87,5,31,53,33,47,26,13,3,15,95,57,48,38,70,14,27,65
2017-08-22,47,77,89,82,18,9,16,78,91,92,29,84,53,82,54,14,7,95,42,35
2017-08-23,35,37,94,6,11,78,54,12,3,22,26,1,21,73,85,89,38,31,99,76
2017-08-24,53,25,32,51,54,1,95,57,58,21,76,73,9,59,65,83,20,87,46,9
2017-08-25,10,19,28,49,74,18,99,16,59,92,83,64,71,13,0,43,8,35,22,91
2017-08-26,88,81,71,15,4,65,64,36,47,48,23,31,41,60,95,53,73,80,11,65
2017-08-27,48,57,3,90,95,0,21,18,78,59,17,81,35,46,38,52,48,27,42,90
2017-08-28,50,91,55,76,29,79,26,1,16,2,94,99,76,10,89,74,33,50,66,2
2017-08-29,50,73,18,44,53,73,96,84,62,58,60,54,5,69,71,51,87,67,36,1
2017-08-30,5,35,46,16,18,23,78,77,38,17,11,8,39,4,33,96,50,82,12,26
2017-08-31,94,38,64,97,55,30,53,5,11,0,88,67,29,22,68,91,29,32,85,89
2017-09-01,91,29,12,43,29,88,3,63,90,97,65,94,7,35,0,98,90,2,1,36
2017-09-02,25,84,16,79,55,37,14,99,61,43,37,90,82,81,61,88,29,70,40,59
2017-09-03,99,98,51,57,89,98,77,6,32,89,76,74,66,41,40,80,29,68,72,84
2017-09-04,31,74,10,13,41,5,94,90,4,83,50,70,88,57,11,0,49,94,57,37
2017-09-05,3,91,32,70,69,25,6,38,31,70,81,22,52,4,21,76,79,77,14,55
2017-09-06,42,99,65,93,14,45,77,36,63,51,99,17,93,40,46,52,26,96,91,97
2017-09-07,99,66,45,85,2,83,49,67,37,36,3,42,40,22,24,58,31,83,11,57
2017-09-08,16,52,55,64,42,50,18,46,37,66,43,77,42,23,27,4,53,83,76,43
2017-09-09,19,86,5,39,85,39,11,26,60,15,65,43,33,24,82,39,73,44,9,44
2017-09-10,50,45,81,91,78,58,54,64,28,81,85,26,90,84,42,90,12,2,34,56
2017-09-11,35,94,25,28,63,0,72,37,97,69,5,9,8,95,68,42,20,87,20,70
2017-09-12,76,29,50,22,37,96,69,84,54,23,71,50,17,41,63,73,24,87,37,27
2017-09-13,19,80,35,48,22,68,78,33,94,3,13,58,70,25,55,31,55,65,97,45
2017-09-14,64,57,31,25,98,20,79,14,80,18,96,68,9,69,60,33,26,71,74,32
2017-09-15,87,26,6,59,10,27,50,28,21,70,54,83,58,48,26,79,19,24,84,74
2017-09-16,61,3,12,49,74,46,1,18,58,69,3,4,26,8,54,12,64,77,97,94
2017-09-17,27,2,32,70,5,35,29,21,70,65,53,91,10,14,38,65,58,7,95,30
2017-09-18,35,62,94,66,95,18,61,82,50,36,98,14,41,87,90,98,88,5,92,42
2017-09-19,65,39,81,57,84,19,18,44,0,69,29,55,7,17,62,30,21,22,21,62
2017-09-20,16,36,68,51,59,25,93,41,28,90,65,61,88,5,83,67,35,25,10,94
2017-09-21,14,25,69,71,16,81,51,84,8,4,63,15,52,1,77,89,83,95,90,44
2017-09-22,39,89,92,97,76,20,94,94,66,85,56,94,9,86,5,33,13,47,23,95
2017-09-23,55,89,27,2,77,70,54,81,84,58,96,71,67,36,0,24,76,70,33,62
2017-09-24,19,26,94,41,24,48,38,72,96,59,59,36,56,31,0,86,42,49,8,83
2017-09-25,17,41,84,45,93,20,71,97,54,69,39,75,90,70,93,58,57,30,70,88
2017-09-26,64,23,54,75,93,15,12,41,12,98,42,53,22,44,98,48,0,24,97,98
2017-09-27,21,61,7,57,12,81,93,17,46,10,33,6,26,99,4,85,7,52,45,93
2017-09-28,19,17,74,72,69,2,25,83,60,60,29,26,94,72,12,93,58,33,39,72
2017-09-29,37,57,71,19,94,35,41,69,60,44,64,90,80,82,25,41,55,4,76,32
2017-09-30,28,25,28,33,60,58,25,20,82,9,51,52,57,88,62,97,87,21,24,34
2017-10-01,39,55,23,22,38,67,68,97,20,39,96,69,59,53,7,89,62,57,53,39
2017-10-02,25,75,50,3,39,92,37,41,62,80,66,85,11,92,90,51,62,21,44,20
2017-10-03,2,98,25,59,30,37,39,33,63,96,42,97,66,60,23,6,85,57,41,81
2017-10-04,31,78,32,92,26,13,69,16,94,65,23,20,92,60,89,11,92,52,66,37
2017-10-05,5,95,99,36,94,16,15,7,39,5,39,13,73,83,68,20,76,24,75,56
2017-10-06,36,8,82,93,66,96,93,19,73,34,48,15,97,72,26,37,42,74,92,32
2017-10-07,47,59,39,50,10,16,40,91,34,24,74,94,45,0,68,41,67,27,0,34
2017-10-08,70,39,21,46,75,11,69,66,37,97,89,31,3,30,20,54,91,87,30,42
2017-10-09,3,54,6,93,86,21,69,56,80,47,19,63,8,58,21,68,82,10,40,73
2017-10-10,16,56,67,35,83,51,62,14,2,5,90,88,80,19,52,79,67,11,89,16
2017-10-11,17,90,48,37,55,98,11,75,33,11,42,54,20,40,63,57,72,83,40,42
2017-10-12,49,56,10,31,17,38,97,58,42,56,66,43,44,70,6,54,54,75,98,79
2017-10-13,50,16,58,83,93,82,18,71,88,68,68,50,63,29,8,82,94,85,33,9
2017-10-14,28,84,65,96,34,55,79,23,96,59,0,2,88,64,76,78,42,79,93,17
2017-10-15,76,30,32,41,86,2,43,68,11,79,94,9,15,97,19,7,95,89,65,55
2017-10-16,91,65,65,84,65,50,38,50,52,36,44,80,41,2,28,23,79,44,28,81
2017-10-17,1,17,82,55,77,83,94,6,79,70,20,93,40,88,60,52,15,91,55,0
2017-10-18,1,77,16,59,68,27,56,24,94,86,28,52,50,96,39,56,92,16,55,10
2017-10-19,61,36,96,41,13,83,82,69,74,26,64,3,19,93,73,23,11,94,11,25
2017-10-20,18,0,31,97,34,50,74,55,74,66,60,64,79,71,79,14,67,73,29,87
2017-10-21,30,24,86,24,41,36,89,45,69,79,62,94,80,40,95,52,2,26,62,15
2017-10-22,58,36,53,0,84,36,14,43,48,63,52,4,87,45,7,77,66,64,42,41
2017-10-23,53,5,29,98,66,41,22,74,26,16,15,72,64,6,11,63,57,68,17,72
2017-10-24,93,60,19,67,34,4,30,90,41,86,50,51,0,63,10,47,26,39,53,1
2017-10-25,28,98,5,31,32,37,68,24,46,64,32,94,97,11,34,20,18,49,56,42
2017-10-26,27,27,99,92,7,65,45,68,59,88,6,34,98,18,12,72,77,67,77,69
2017-10-27,13,60,77,86,24,12,78,25,3,82,50,32,1,3,79,48,14,35,16,11
2017-10-28,27,54,21,34,47,42,12,3,3,35,71,13,78,71,0,2,19,5,53,3
2017-10-29,80,49,72,75,50,92,99,35,12,36,22,53,37,48,76,27,53,33,78,63
2017-10-30,0,66,17,72,56,40,69,85,77,54,72,41,78,82,13,23,26,16,39,19
2017-10-31,59,10,26,66,39,42,79,98,56,7,10,96,67,75,67,17,44,79,86,23
2017-11-01,59,15,95,25,72,23,61,65,32,81,88,85,33,74,55,59,47,60,13,40
2017-11-02,17,28,12,21,78,54,2,78,90,88,82,99,58,96,94,31,86,79,77,89
2017-11-03,38,40,64,73,87,87,72,95,17,95,6,55,9,56,39,8,64,73,17,69
2017-11-04,17,13,14,59,77,59,80,59,79,97,39,14,13,59,54,18,88,95,25,20
2017-11-05,21,38,85,59,6,47,9,40,40,64,54,87,1,77,2,30,87,69,17,49
2017-11-06,72,93,63,2,49,15,4,59,77,3,78,70,75,24,39,11,23,30,31,17
2017-11-07,18,90,78,34,94,23,40,81,44,23,36,50,62,40,43,26,53,21,86,74
2017-11-08,41,74,0,34,44,46,74,96,37,35,61,28,14,96,80,95,21,1,43,93
2017-11-09,13,11,6,76,78,69,5,72,44,15,29,50,32,96,47,37,67,65,0,61
2017-11-10,24,37,70,55,36,16,50,31,91,53,86,39,82,5,29,7,3,91,71,62
2017-11-11,53,56,63,82,59,74,28,97,3,38,88,18,14,36,42,93,83,46,97,64
2017-11-12,87,24,48,2,0,70,11,54,69,3,44,68,88,29,97,84,65,39,71,81
2017-11-13,30,99,90,48,72,52,76,82,2,7,33,91,39,88,46,28,90,56,36,4
2017-11-14,11,13,36,60,30,6,26,40,99,39,8,58,91,78,83,92,63,99,3,83
2017-11-15,85,91,47,78,19,60,35,59,67,34,21,32,66,67,74,12,81,68,3,33
2017-11-16,46,36,11,20,2,9,26,81,52,42,66,54,13,22,22,59,46,38,55,97
2017-11-17,31,52,48,71,73,72,20,44,81,38,98,36,49,47,43,84,15,56,61,85
2017-11-18,60,96,87,34,85,95,25,61,28,64,9,73,41,58,2,69,49,62,31,14
2017-11-19,43,94,22,67,4,71,23,45,36,11,34,35,52,97,47,91,46,10,23,40
2017-11-20,32,86,67,57,49,39,61,12,16,30,17,67,2,16,90,99,48,49,77,3
2017-11-21,42,9,40,98,75,98,74,60,75,65,46,29,52,25,48,14,56,24,29,49
2017-11-22,16,96,44,35,2,84,62,41,24,74,94,38,13,10,0,74,98,99,78,16
2017-11-23,97,32,33,68,4,82,99,77,78,39,6,79,59,90,11,30,36,68,78,96
2017-11-24,29,49,2,25,37,59,47,36,62,82,24,34,70,77,82,20,53,90,39,42
2017-11-25,98,11,70,85,15,71,46,85,90,87,6,75,92,62,60,4,85,4,31,92
2017-11-26,94,99,47,17,48,10,87,56,40,7,40,86,70,8,15,39,10,93,65,9
2017-11-27,78,36,24,56,1,46,84,92,34,64,22,56,25,57,17,94,88,33,77,9
2017-11-28,74,28,13,67,46,53,52,5,5,60,62,4,37,61,65,82,42,54,57,31
2017-11-29,5,0,83,20,63,57,39,83,69,2,77,50,34,72,68,31,98,64,60,6
2017-11-30,27,44,63,51,76,26,70,81,76,77,88,8,69,96,57,21,99,17,33,17
2017-12-01,46,41,49,92,47,51,88,81,23,1,62,84,55,21,74,66,56,86,78,66
2017-12-02,66,66,52,46,70,61,48,12,70,64,34,35,24,96,86,56,40,73,52,97
2017-12-03,5,3,56,20,60,78,13,44,68,83,49,20,58,45,77,55,27,75,51,17
2017-12-04,56,94,70,29,71,28,54,52,24,34,94,25,80,66,53,13,20,17,58,97
2017-12-05,87,2,27,15,97,23,20,62,55,22,67,9,1,8,36,97,54,75,32,71
2017-12-06,96,35,99,63,74,25,64,51,95,90,39,94,88,59,8,16,7,10,97,21
2017-12-07,69,63,63,20,57,62,57,18,72,7,59,43,25,80,17,93,88,36,30,13
2017-12-08,91,62,3,51,8,57,50,8,81,26,54,63,96,49,91,35,85,23,70,8
2017-12-09,98,95,44,52,59,27,67,69,52,14,91,11,62,10,14,2,36,63,52,67
2017-12-10,67,14,5,62,65,55,24,81,7,63,12,65,41,71,5,55,14,68,11,7
2017-12-11,71,6,22,82,80,85,32,52,77,13,72,9,91,63,49,48,18,34,72,54
2017-12-12,52,19,69,39,18,94,50,52,98,36,94,69,63,23,5,43,1,7,59,72
2017-12-13,16,73,94,74,78,70,22,36,94,66,78,96,23,32,64,2,57,80,61,29
2017-12-14,72,14,89,10,86,49,42,50,20,45,84,80,16,67,85,81,42,4,93,39
2017-12-15,36,75,26,83,7,74,96,99,92,87,27,96,92,53,40,10,59,70,40,40
2017-12-16,57,2,95,28,14,0,85,86,9,15,44,18,73,5,54,38,46,42,15,22
2017-12-17,6,11,97,27,30,12,75,92,78,61,81,40,85,79,0,48,26,8,84,0
2017-12-18,73,98,48,37,60,80,24,25,60,93,29,37,99,17,7,58,2,18,62,65
2017-12-19,51,38,57,64,80,79,66,89,83,13,95,89,32,2,60,43,74,52,7,24
2017-12-20,88,3,73,29,45,53,25,65,69,8,37,74,72,54,77,10,11,65,69,81
2017-12-21,18,51,66,22,51,63,21,37,21,90,23,12,3,4,19,60,1,28,5,40
2017-12-22,4,60,68,73,22,86,69,5,44,76,31,38,62,5,96,17,2,0,39,88
2017-12-23,81,91,53,44,38,4,90,49,45,51,79,22,70,71,84,0,17,47,85,96
2017-12-24,59,21,18,63,21,55,83,38,37,3,25,69,36,15,10,9,65,61,51,50
2017-12-25,15,50,5,92,5,42,0,78,16,92,4,82,65,24,20,35,82,86,17,35
2017-12-26,23,12,64,34,22,86,74,77,3,91,57,50,1,89,54,82,65,79,69,92
2017-12-27,22,20,71,50,59,70,54,78,31,85,10,63,89,25,32,30,56,41,10,89
2017-12-28,20,53,59,4,9,97,66,3,79,50,7,68,49,20,87,29,28,27,76,70
2017-12-29,90,22,78,57,30,3,81,24,63,54,0,99,81,48,68,47,74,13,44,33
2017-12-30,45,45,14,97,1,1,37,62,17,53,72,9,98,33,64,11,70,84,10,12
2017-12-31,28,1,98,59,60,95,83,81,33,33,29,34,36,14,35,44,30,16,37,48
2018-01-01,72,71,20,3,30,15,39,97,18,31,72,50,4,16,93,10,63,79,26,72
2018-01-02,16,28,31,99,21,12,92,16,87,65,57,75,72,11,99,94,89,62,52,53
2018-01-03,1,49,62,65,33,47,63,42,96,70,0,2,69,41,83,17,1,38,73,97
2018-01-04,88,48,81,7,57,92,39,96,22,10,52,90,31,80,16,74,55,17,71,71
2018-01-05,51,22,13,95,65,80,69,82,16,49,66,10,14,63,86,66,3,97,13,23
2018-01-06,97,77,93,80,65,28,32,94,86,35,37,29,32,86,1,43,94,54,45,31
2018-01-07,7,22,9,12,16,30,1,95,12,38,87,10,48,84,55,21,73,68,36,4
2018-01-08,0,82,32,13,51,92,0,5,41,67,47,89,4,34,35,34,48,79,31,74
2018-01-09,14,56,37,53,10,95,90,82,89,14,50,31,88,18,21,68,8,73,26,66
2018-01-10,87,60,21,4,4,8,57,34,24,21,94,11,30,47,0,92,9,68,62,80
2018-01-11,65,76,42,48,70,56,51,20,25,35,0,41,0,56,70,56,69,0,5,69
2018-01-12,80,71,66,70,73,72,73,7,6,36,52,76,33,27,78,24,82,17,35,40
2018-01-13,29,0,23,33,31,78,4,38,3,93,79,98,91,31,69,30,88,41,37,91
2018-01-14,83,96,6,24,30,42,47,29,79,22,69,85,60,35,18,13,74,46,4,98
2018-01-15,67,84,43,95,19,18,89,89,49,12,30,75,84,34,6,66,73,42,58,98
2018-01-16,24,57,61,54,86,60,50,12,70,13,2,48,57,99,71,84,34,50,97,41
2018-01-17,80,52,22,58,21,0,23,19,37,88,38,84,55,0,18,93,60,92,31,71
2018-01-18,77,97,1,95,39,83,54,56,35,82,26,49,56,74,47,68,48,65,67,70
2018-01-19,82,54,19,67,7,21,79,43,49,98,23,1,11,24,72,77,56,25,52,1
2018-01-20,68,61,2,81,76,30,63,60,14,19,68,93,57,56,64,44,5,39,90,80
2018-01-21,92,15,50,58,20,20,78,67,64,26,50,2,12,51,30,96,47,8,1,72
2018-01-22,17,18,42,26,61,48,11,78,42,61,0,62,28,49,29,99,23,91,91,42
2018-01-23,30,38,98,61,54,3,84,8,4,27,47,89,79,19,37,78,52,17,39,62
2018-01-24,97,66,1,70,25,86,38,19,46,25,23,57,76,83,39,6,48,43,19,89
2018-01-25,97,5,79,64,26,63,12,6,99,63,25,45,95,43,90,86,34,69,66,77
2018-01-26,36,5,17,61,77,75,58,8,1,78,54,78,16,40,91,17,6,65,59,95
2018-01-27,90,74,1,48,89,43,96,65,10,50,69,6,34,71,15,34,68,77,51,95
2018-01-28,92,47,16,77,24,84,58,39,55,53,92,21,92,3,76,91,39,7,80,84
2018-01-29,33,51,80,19,62,43,17,83,32,93,56,51,42,40,81,67,77,42,26,8
2018-01-30,77,41,50,46,43,68,60,97,13,57,6,80,61,42,80,45,22,47,7,89
2018-01-31,73,76,87,79,43,11,37,93,94,76,20,19,87,14,58,37,30,67,95,77
2018-02-01,48,44,90,57,49,68,23,6,85,60,16,29,98,63,63,7,96,89,54,30
2018-02-02,69,83,78,97,63,32,49,81,26,23,72,44,81,14,33,26,69,75,45,47
2018-02-03,13,70,99,77,22,62,29,3,17,10,19,79,29,75,94,57,48,75,9,42
2018-02-04,49,83,81,84,69,53,82,87,48,98,87,51,6,22,77,11,46,60,87,84
2018-02-05,76,40,14,66,18,56,98,55,64,67,83,43,49,17,61,29,50,76,1,56
2018-02-06,17,27,3,16,98,99,71,61,77,89,51,3,70,98,25,46,36,39,72,37
2018-02-07,94,78,2,81,77,51,49,83,42,15,31,26,68,17,64,46,83,48,92,90
2018-02-08,18,68,21,82,63,29,24,42,80,79,3,30,42,58,14,33,88,47,74,48
2018-02-09,46,62,25,24,98,86,73,13,3,17,93,81,52,96,14,55,18,30,94,86
2018-02-10,10,24,59,6,55,58,29,29,22,93,38,58,30,70,10,7,74,72,26,35
2018-02-11,95,10,18,43,28,64,69,52,61,43,76,4,31,68,32,7,34,71,12,72
2018-02-12,77,63,24,80,21,90,70,5,79,50,45,42,60,72,89,27,63,68,67,49
2018-02-13,39,76,30,20,54,26,3,5,69,97,45,14,81,26,99,56,23,49,33,77
2018-02-14,10,85,76,86,89,22,52,84,37,6,29,24,87,46,68,96,29,76,2,10
2018-02-15,16,31,40,47,24,6,67,2,80,92,71,59,65,65,93,96,42,61,80,0
2018-02-16,52,65,71,36,29,18,55,91,89,35,25,78,72,50,38,12,78,61,37,91
2018-02-17,65,92,47,45,93,95,96,81,46,21,38,93,36,75,92,97,94,55,49,98
2018-02-18,21,18,96,68,53,13,51,94,60,40,55,88,91,40,60,27,45,21,53,57
2018-02-19,33,27,15,13,71,22,11,99,25,89,60,71,56,18,84,82,34,76,54,90
2018-02-20,80,4,87,96,74,11,80,64,33,88,56,85,67,28,97,57,51,40,13,68
2018-02-21,43,93,96,76,24,71,2,82,49,93,37,26,99,53,86,91,51,45,55,84
2018-02-22,96,32,73,28,61,80,88,44,36,25,13,36,87,41,31,73,21,25,93,8
2018-02-23,41,57,23,28,22,34,89,43,41,38,96,11,87,32,95,31,8,52,22,75
2018-02-24,65,68,19,70,31,99,73,59,86,58,55,23,67,37,4,81,5,67,15,43
2018-02-25,85,9,66,61,86,17,79,45,42,36,38,51,10,42,65,49,16,36,44,66
2018-02-26,90,55,67,7,95,31,35,22,8,79,24,28,18,97,78,92,86,90,47,17
2018-02-27,32,29,71,2,14,68,12,4,10,69,13,14,23,75,20,3,90,87,18,26
2018-02-28,18,71,25,93,82,58,0,88,72,78,7,70,80,95,58,50,42,70,92,59
2018-03-01,22,1,61,86,6,39,94,50,22,35,40,11,66,59,64,61,1,17,16,9
2018-03-02,73,12,66,17,11,16,50,64,81,12,61,77,31,7,15,9,88,37,52,76
2018-03-03,37,64,7,48,9,24,29,71,67,74,6,99,5,82,74,59,43,75,73,13
2018-03-04,79,7,50,64,82,46,23,49,25,52,46,78,24,19,47,5,22,35,48,26
2018-03-05,56,87,54,28,6,13,56,68,4,18,31,31,95,20,6,35,13,12,40,30
2018-03-06,9,60,50,7,86,28,96,93,43,22,83,36,16,55,48,85,72,87,73,64
2018-03-07,50,98,95,84,77,57,25,87,1,22,40,58,56,17,10,22,34,1,69,24
2018-03-08,35,33,51,85,14,34,69,4,82,96,60,95,41,41,10,3,24,47,50,21
2018-03-09,61,18,32,19,69,51,73,5,42,96,5,41,4,14,46,15,51,92,20,10
2018-03-10,82,46,88,30,62,92,17,80,63,81,17,43,12,96,6,6,89,30,59,28
2018-03-11,64,19,45,53,33,25,14,70,16,29,33,45,70,42,87,67,83,71,14,97
2018-03-12,78,57,16,17,61,41,67,37,51,18,15,7,81,55,94,74,76,50,81,94
2018-03-13,72,10,65,12,7,69,83,15,7,88,13,3,72,84,51,53,33,23,75,84
2018-03-14,32,27,26,5,28,2,78,25,69,54,83,96,36,8,74,2,22,5,89,0
2018-03-15,49,42,65,28,87,73,43,35,81,75,39,34,3,8,5,2,15,85,79,84
2018-03-16,62,62,12,69,28,51,95,87,23,73,10,2,2,17,69,36,1,98,53,39
2018-03-17,51,51,47,61,88,30,48,0,85,30,27,99,58,12,26,35,98,43,23,56
2018-03-18,40,5,86,1,89,79,7,72,77,60,57,4,5,72,10,24,49,16,78,80
2018-03-19,84,4,42,84,36,69,58,34,27,65,13,86,57,11,70,43,20,96,71,59
2018-03-20,84,54,44,18,15,43,45,73,44,59,83,99,32,90,80,6,33,21,66,55
2018-03-21,49,76,33,38,86,97,77,21,11,20,42,23,90,67,41,27,38,47,71,8
2018-03-22,84,12,26,99,19,10,63,39,9,0,7,52,23,77,85,14,33,14,28,23
2018-03-23,78,34,49,67,82,30,20,97,32,67,67,51,22,14,48,51,77,70,91,97
2018-03-24,72,7,40,60,59,18,58,34,33,83,42,52,56,56,21,59,33,65,14,99
2018-03-25,77,41,30,38,72,65,70,88,45,66,44,63,47,77,0,21,29,94,50,36
2018-03-26,40,45,86,96,84,84,19,26,59,65,20,74,19,26,30,84,73,53,81,81
2018-03-27,38,78,20,50,11,42,52,7,46,65,61,5,9,35,84,86,30,71,57,98
2018-03-28,9,54,59,30,4,5,45,69,70,18,85,37,96,11,83,90,82,80,36,71
2018-03-29,57,42,99,29,41,90,28,15,30,75,85,11,62,56,66,67,95,34,29,58
2018-03-30,42,47,6,14,93,6,59,75,1,22,37,50,34,64,22,2,0,34,36,94
2018-03-31,4,53,57,69,63,0,63,32,77,18,71,62,65,17,66,73,48,34,16,28
2018-04-01,76,40,70,74,67,67,61,51,19,84,96,46,93,99,48,72,64,23,4,45
2018-04-02,78,32,78,65,69,28,47,18,24,8,12,21,58,44,26,86,52,92,63,1
2018-04-03,91,85,63,53,45,48,76,51,17,5,12,25,36,89,23,31,22,54,61,53
2018-04-04,95,99,83,80,36,57,35,78,17,21,3,60,68,0,51,37,79,3,4,62
2018-04-05,59,83,59,94,31,39,97,10,79,1,48,15,59,79,3,16,34,25,38,95
2018-04-06,10,42,45,28,27,71,61,81,40,60,89,85,92,26,98,81,79,66,98,44
2018-04-07,74,69,73,75,19,34,39,74,71,83,78,59,13,63,88,64,89,99,35,72
2018-04-08,53,45,23,24,18,63,14,43,52,43,85,44,8,99,84,66,75,12,76,20
2018-04-09,48,17,75,24,25,10,72,29,51,33,77,22,94,32,10,24,7,46,25,88
2018-04-10,51,23,45,19,17,30,10,18,93,66,92,25,85,36,14,80,5,40,81,61
2018-04-11,51,35,7,99,17,25,23,90,76,45,95,5,89,6,39,5,99,91,58,21
2018-04-12,27,44,32,2,65,61,90,47,34,51,19,62,77,15,31,86,50,53,72,57
2018-04-13,6,80,92,5,12,70,60,38,53,70,50,14,8,43,92,55,35,90,38,50
2018-04-14,11,73,70,79,32,43,16,96,8,64,70,15,36,4,55,99,42,99,12,39
2018-04-15,90,87,32,67,88,76,62,15,7,61,50,23,29,39,49,39,38,11,86,60
2018-04-16,14,42,41,60,60,64,69,10,30,1,45,42,73,16,63,30,38,71,7,34
2018-04-17,39,71,19,94,99,81,29,66,8,87,51,17,32,80,87,51,48,75,82,76
2018-04-18,38,64,85,15,38,5,40,77,19,54,3,89,82,52,70,10,84,71,11,98
2018-04-19,2,62,17,71,7,8,46,99,27,61,51,84,28,55,95,33,43,88,33,38
2018-04-20,30,80,93,63,62,39,1,17,14,11,65,13,8,38,24,14,14,25,53,75
2018-04-21,85,75,62,90,51,63,41,32,33,14,79,5,67,86,49,7,42,34,98,69
2018-04-22,72,51,70,72,6,22,1,50,87,60,50,92,17,7,91,90,68,24,96,76
2018-04-23,67,22,51,82,86,56,52,69,52,41,8,12,76,2,5,90,70,0,31,76
2018-04-24,41,46,45,20,72,10,50,16,4,14,86,17,27,13,73,44,94,66,53,65
2018-04-25,4,95,95,27,62,20,54,77,93,33,69,71,22,62,65,76,99,4,20,14
2018-04-26,15,45,87,44,66,37,31,83,65,35,91,49,18,48,67,36,84,53,46,85
2018-04-27,46,41,10,36,39,18,58,14,22,56,26,63,69,30,8,48,9,51,72,62
2018-04-28,44,94,10,88,80,41,15,15,92,23,87,50,46,61,21,42,93,23,92,99
2018-04-29,5,53,17,62,98,89,92,21,54,23,89,19,15,1,18,18,7,86,77,25
2018-04-30,78,42,77,32,56,38,18,58,75,75,35,51,76,5,7,37,22,37,9,59
2018-05-01,67,79,65,39,93,72,52,20,64,59,68,78,91,94,63,96,91,0,63,17
2018-05-02,29,29,48,1,23,2,65,88,99,44,26,85,11,97,71,50,9,1,54,41
2018-05-03,84,64,43,22,48,16,66,60,81,44,27,83,69,70,52,87,22,40,79,13
2018-05-04,80,35,12,7,84,77,28,11,24,21,73,21,21,3,59,68,65,56,96,47
2018-05-05,86,64,8,81,58,65,18,43,88,21,0,25,48,82,64,91,45,39,23,21
2018-05-06,73,8,24,88,57,4,70,50,85,68,0,20,25,70,50,74,51,32,10,20
2018-05-07,40,55,93,23,66,15,71,1,65,16,18,55,37,47,30,95,29,54,85,66
2018-05-08,32,55,8,54,43,75,84,19,8,39,53,37,62,50,93,40,8,30,60,25
2018-05-09,26,33,74,94,35,19,42,35,99,46,67,91,62,24,60,40,42,97,27,46
2018-05-10,15,17,60,75,63,32,5,47,50,77,64,87,78,36,63,74,95,42,64,39
2018-05-11,73,91,91,15,20,75,63,90,31,84,68,19,12,70,15,79,55,47,27,98
2018-05-12,72,77,76,58,93,58,52,27,28,73,33,72,95,43,9,66,0,78,52,48
2018-05-13,56,51,32,28,41,89,13,32,19,42,13,76,10,66,26,47,19,73,94,22
2018-05-14,95,32,55,70,19,44,6,69,41,89,27,92,14,60,30,18,9,65,23,57
2018-05-15,97,31,3,14,11,46,74,29,14,64,30,57,93,29,51,80,69,75,77,53
2018-05-16,53,71,69,67,38,82,23,15,34,25,66,23,65,51,15,25,52,73,39,23
2018-05-17,29,9,2,97,9,12,87,66,43,64,93,9,24,86,78,99,31,94,34,71
2018-05-18,88,17,20,58,84,7,85,34,40,33,91,13,57,14,92,79,23,29,38,40
2018-05-19,81,56,42,71,45,12,10,32,60,13,55,26,69,2,46,5,33,1,46,76
2018-05-20,10,73,58,50,59,33,71,77,77,26,65,14,49,0,19,63,87,4,55,63
2018-05-21,93,65,10,14,63,21,92,92,94,29,71,66,3,26,20,37,95,84,29,53
2018-05-22,19,27,6,64,65,83,87,16,74,13,37,51,4,15,27,12,93,28,50,99
2018-05-23,56,41,92,22,17,53,42,79,4,61,71,97,14,24,93,63,3,7,78,56
2018-05-24,56,87,24,16,61,88,26,68,15,17,90,11,2,77,36,39,79,17,65,31
2018-05-25,10,68,31,86,91,84,32,23,89,45,70,82,27,11,62,59,27,58,79,35
2018-05-26,24,72,78,95,14,88,76,70,31,2,50,28,28,92,15,93,50,83,28,63
2018-05-27,55,92,17,20,94,9,63,6,7,59,55,57,47,74,99,27,32,32,76,34
2018-05-28,67,44,60,82,51,47,26,51,26,84,38,12,23,53,91,30,26,40,96,84
2018-05-29,14,61,79,76,48,73,58,20,5,36,6,39,82,84,3,6,66,49,14,80
2018-05-30,21,7,74,60,39,69,91,3,62,21,47,42,38,19,80,37,88,35,83,54
2018-05-31,38,70,78,48,42,57,58,42,75,39,45,60,98,26,23,17,68,44,38,20
2018-06-01,89,44,60,11,10,6,36,47,24,34,0,35,11,12,0,69,93,62,9,98
2018-06-02,97,46,10,72,96,77,62,61,97,7,14,83,14,38,28,24,2,56,40,55
2018-06-03,30,94,59,96,35,0,78,82,5,62,66,14,55,24,1,86,49,78,72,99
2018-06-04,43,42,28,62,48,72,35,13,86,82,35,69,49,76,39,53,5,17,78,38
2018-06-05,3,16,41,71,36,74,85,34,80,12,41,9,5,6,10,83,54,94,53,62
2018-06-06,18,54,38,93,93,19,62,63,56,12,65,79,34,51,11,93,10,20,29,82
2018-06-07,70,0,18,75,40,2,96,15,51,24,73,77,39,65,90,81,41,44,88,3
2018-06-08,2,20,82,15,28,62,18,30,46,22,99,16,84,47,12,11,50,35,23,95
2018-06-09,46,92,16,18,59,26,18,9,7,75,28,97,18,35,37,50,87,83,0,40
2018-06-10,82,0,53,25,41,42,39,89,53,90,72,35,49,38,82,18,93,58,61,51
2018-06-11,55,66,65,21,58,35,63,54,17,73,45,55,67,65,74,20,11,66,23,11
2018-06-12,13,31,99,15,29,92,96,22,88,13,76,1,40,24,70,1,46,69,4,89
2018-06-13,36,16,22,33,19,51,63,43,42,78,30,62,89,22,61,94,52,97,31,56
2018-06-14,31,0,99,24,97,65,90,96,56,99,76,52,65,19,1,25,43,22,51,65
2018-06-15,65,89,96,89,62,20,94,17,15,31,57,68,1,77,17,29,32,33,76,4
2018-06-16,19,2,77,98,65,59,90,25,6,50,26,45,45,31,48,38,11,86,70,4
2018-06-17,11,9,6,5,15,84,82,78,61,72,73,88,73,73,80,55,21,8,41,9
2018-06-18,16,2,30,96,37,24,40,30,67,63,2,51,3,67,93,90,20,74,79,86
2018-06-19,25,45,22,2,65,43,24,84,49,99,79,86,77,10,6,91,13,39,60,21
2018-06-20,22,46,36,67,7,48,17,60,11,19,80,23,73,27,23,29,88,39,24,53
2018-06-21,38,79,99,52,45,34,97,48,17,96,96,43,34,68,82,49,33,30,32,11
2018-06-22,77,10,39,83,40,29,94,12,88,6,41,63,37,53,20,56,13,79,58,48
2018-06-23,5,49,56,26,67,7,20,73,14,24,65,72,5,12,44,59,45,64,75,94
2018-06-24,34,16,26,14,39,87,34,14,52,99,18,77,82,40,61,43,26,42,9,70
2018-06-25,82,30,56,23,12,66,13,78,27,81,36,36,75,51,20,85,34,10,41,57
2018-06-26,60,83,54,22,26,10,73,10,60,59,78,7,20,90,57,45,74,90,26,90
2018-06-27,10,97,16,26,9,80,98,29,32,27,15,78,6,96,92,11,52,99,85,71
2018-06-28,2,6,79,37,66,73,42,14,38,87,33,6,95,68,54,82,41,98,85,28
2018-06-29,37,27,65,63,52,96,47,78,65,51,4,65,64,12,79,46,32,82,34,62
2018-06-30,61,5,42,22,19,65,1,96,39,29,91,48,61,69,87,12,8,99,0,70
2018-07-01,61,55,78,99,4,61,71,30,89,45,16,85,94,9,75,21,0,26,85,14
2018-07-02,13,73,40,14,23,79,62,76,9,45,79,26,16,38,33,18,95,48,60,12
2018-07-03,61,55,93,41,78,30,57,92,62,71,87,92,20,19,55,99,49,33,53,6
2018-07-04,17,14,2,72,32,16,51,32,39,31,0,68,11,21,19,33,16,34,24,6
2018-07-05,87,30,9,52,12,77,6,46,94,15,20,60,97,38,64,15,64,25,61,8
2018-07-06,52,23,68,74,84,99,45,67,1,90,61,42,43,75,83,80,51,37,94,63
2018-07-07,54,59,62,71,55,87,85,44,16,57,62,52,89,9,28,86,93,42,19,42
2018-07-08,45,51,27,31,65,62,66,37,33,35,95,39,60,52,87,36,43,84,16,59
2018-07-09,39,98,72,1,83,70,56,23,14,62,43,86,26,63,24,63,4,39,17,60
2018-07-10,31,77,11,55,59,2,3,30,60,96,9,70,69,66,51,96,50,83,26,80
2018-07-11,99,91,30,84,9,67,34,65,41,0,23,4,42,84,73,78,80,37,50,50
2018-07-12,11,59,72,61,74,11,76,20,87,24,49,48,26,36,18,57,91,31,50,86
2018-07-13,45,83,44,44,15,12,61,82,13,91,35,42,89,89,52,27,17,27,78,32
2018-07-14,69,19,47,35,50,56,99,89,69,15,91,89,88,47,17,75,38,34,39,55
2018-07-15,33,68,64,50,5,93,41,44,45,36,67,1,87,10,99,62,6,56,33,95
2018-07-16,75,50,42,99,66,51,39,32,70,58,84,55,58,47,76,41,85,32,69,89
2018-07-17,76,34,70,20,5,79,80,2,94,44,90,78,90,83,97,62,22,38,75,15
2018-07-18,92,20,87,48,84,95,42,69,22,80,81,29,2,43,17,81,26,94,97,90
2018-07-19,59,26,80,70,97,37,5,99,83,22,72,0,55,36,38,24,27,45,24,46
2018-07-20,57,71,67,24,3,83,87,97,95,63,89,44,78,95,79,41,37,29,36,82
2018-07-21,70,24,71,37,55,37,52,72,73,75,39,69,23,47,58,68,91,30,84,31
2018-07-22,55,82,72,86,81,27,99,93,43,4,30,83,95,83,39,5,51,37,12,10
2018-07-23,15,20,75,38,43,59,96,75,64,74,71,69,49,56,46,39,27,35,42,57
2018-07-24,49,10,33,37,70,33,0,8,49,18,49,57,93,65,3,38,79,26,92,52
2018-07-25,9,24,90,99,86,32,76,22,38,69,96,43,49,22,40,6,85,2,68,27
2018-07-26,47,28,40,54,64,94,33,58,90,29,86,95,84,56,72,48,59,97,25,79
2018-07-27,50,17,64,79,56,83,36,91,64,80,27,44,90,5,40,78,74,85,73,94
2018-07-28,49,62,84,70,10,36,55,75,54,77,83,26,61,55,22,48,54,81,46,8
2018-07-29,48,83,57,31,92,15,32,43,73,83,5,79,72,89,90,77,19,31,93,59
2018-07-30,53,91,87,72,88,11,75,96,4,22,79,52,8,26,32,32,87,66,73,1
2018-07-31,42,31,85,95,42,97,1,32,77,36,92,21,79,20,19,44,94,58,63,0
2018-08-01,5,6,81,23,32,60,58,41,0,44,73,23,70,1,90,95,0,45,41,84
2018-08-02,54,61,20,7,69,62,83,84,63,53,91,80,88,99,40,71,68,17,63,42
2018-08-03,45,18,74,69,53,15,55,10,33,37,88,41,59,87,42,88,13,36,9,56
2018-08-04,95,65,62,27,93,47,26,98,42,37,3,17,80,48,95,8,61,71,62,52
2018-08-05,57,68,86,33,45,63,31,17,96,19,23,61,7,3,6,12,42,82,34,42
2018-08-06,60,30,43,38,34,38,1,88,97,86,0,75,57,9,93,77,14,96,12,45
2018-08-07,15,15,96,57,25,77,87,91,93,90,63,34,92,12,16,43,28,61,90,49
2018-08-08,55,42,70,10,4,64,53,40,33,5,68,42,44,89,73,21,65,13,19,71
2018-08-09,12,28,89,73,92,88,31,63,37,69,34,0,9,77,8,59,85,74,41,20
2018-08-10,92,56,40,94,21,44,10,12,39,69,33,68,80,87,4,77,14,69,37,70
2018-08-11,21,64,12,16,61,33,70,68,62,73,79,91,8,57,74,21,26,26,57,36
2018-08-12,66,61,65,25,76,66,13,20,30,93,32,1,14,3,40,79,45,83,4,46
2018-08-13,78,67,85,27,50,67,16,81,31,9,76,70,88,89,27,64,99,24,47,91
2018-08-14,10,92,48,89,62,67,77,6,62,92,95,96,64,63,55,60,61,4,8,61
2018-08-15,31,30,19,80,96,62,94,88,21,15,21,9,58,28,91,61,35,98,95,77
2018-08-16,79,97,60,88,6,55,50,3,8,2,29,5,42,81,61,67,3,83,14,30
2018-08-17,51,92,99,78,72,52,66,14,26,98,97,32,24,22,48,22,64,7,10,27
2018-08-18,77,32,47,65,78,30,73,28,64,45,92,98,77,91,13,65,19,27,52,74
2018-08-19,72,86,55,92,88,84,22,53,73,97,1,32,34,28,81,4,35,71,40,14
2018-08-20,61,52,98,74,98,18,76,55,71,46,21,4,83,81,16,64,73,55,31,88
2018-08-21,64,72,65,72,14,92,28,83,89,65,59,10,43,61,8,11,99,33,34,25
2018-08-22,64,47,79,51,1,48,5,82,11,21,45,19,53,46,95,8,57,72,12,63
2018-08-23,86,78,93,72,39,92,22,58,76,87,91,8,72,20,77,70,18,83,46,54
2018-08-24,97,65,58,1,19,2,33,34,53,68,17,60,91,18,65,4,53,74,3,33
2018-08-25,87,22,72,61,16,74,53,11,94,49,74,21,13,74,67,27,74,50,34,78
2018-08-26,61,50,77,54,93,81,35,46,95,89,19,27,36,87,92,80,27,88,3,42
2018-08-27,37,53,56,22,20,80,7,49,19,31,27,70,45,29,83,8,76,24,91,0
2018-08-28,55,62,57,81,11,41,86,88,49,55,76,77,88,84,41,64,48,11,82,60
2018-08-29,5,67,28,6,60,73,51,0,57,0,92,26,87,1,9,45,75,94,52,35
2018-08-30,4,58,38,90,48,76,84,9,44,89,42,56,87,23,89,39,59,32,52,4
2018-08-31,6,41,33,61,3,16,20,44,24,13,59,74,68,27,85,61,61,21,24,47
2018-09-01,23,68,30,15,15,12,43,0,54,29,55,93,86,57,41,69,92,48,9,76
2018-09-02,1,76,8,10,78,68,56,82,85,45,99,35,17,84,41,87,6,11,4,60
2018-09-03,83,40,9,37,34,64,65,10,42,64,25,40,61,40,3,22,77,24,81,46
2018-09-04,47,77,38,23,10,67,46,80,45,41,29,19,83,9,90,2,52,5,77,21
2018-09-05,56,91,64,17,79,44,1,48,81,42,75,70,45,32,72,36,17,32,87,28
2018-09-06,23,13,5,97,53,72,77,35,79,96,74,71,43,84,8,74,36,56,89,60
2018-09-07,2,72,92,64,86,82,86,34,47,84,91,14,18,34,77,87,58,11,30,85
2018-09-08,34,10,30,80,49,17,31,95,43,44,15,30,81,78,43,89,38,86,3,34
2018-09-09,85,90,75,66,81,70,25,46,66,58,88,47,17,21,84,0,86,5,39,80
2018-09-10,40,82,10,51,58,89,9,33,65,97,84,84,51,56,85,86,80,81,87,11
2018-09-11,29,97,54,17,50,64,82,81,4,45,2,88,17,62,57,62,56,71,62,9
2018-09-12,36,54,32,76,31,82,14,76,18,52,32,63,21,79,57,95,71,60,82,21
2018-09-13,63,39,74,2,42,65,46,23,46,84,20,36,99,91,3,53,6,92,44,41
2018-09-14,27,56,14,79,49,56,84,18,17,42,78,5,79,50,56,56,5,24,75,41
2018-09-15,56,94,4,44,36,10,95,96,31,94,3,98,83,21,59,79,31,35,62,14
2018-09-16,11,24,74,36,50,19,19,65,10,66,40,67,38,84,5,89,26,4,56,22
2018-09-17,45,80,79,60,97,46,3,81,22,17,7,32,32,30,59,75,93,9,15,58
2018-09-18,9,37,62,78,21,66,64,85,31,75,75,23,62,67,27,45,43,77,0,50
2018-09-19,18,64,68,50,54,31,31,74,13,77,65,88,26,50,3,91,67,62,73,28
2018-09-20,60,80,9,95,89,96,80,29,58,12,75,15,86,24,16,7,71,18,19,16
2018-09-21,30,94,48,26,17,1,36,11,2,10,31,75,6,67,62,88,18,79,86,97
2018-09-22,80,12,94,81,21,16,93,15,77,40,72,9,72,51,90,18,10,19,7,98
2018-09-23,12,20,80,24,22,67,39,83,63,28,59,86,36,73,41,54,73,6,45,9
2018-09-24,72,60,32,7,92,31,27,10,57,26,84,68,0,56,23,1,61,20,89,57
2018-09-25,20,97,54,16,51,95,42,42,46,28,16,57,89,73,9,40,0,30,66,29
2018-09-26,84,47,66,88,68,89,80,56,29,29,87,5,94,32,73,33,95,3,35,86
2018-09-27,27,27,89,83,10,58,22,21,61,12,46,25,85,55,21,92,82,26,96,26
2018-09-28,29,38,16,68,55,89,24,17,35,14,94,71,79,74,24,14,42,82,33,0
2018-09-29,66,20,54,1,50,39,88,72,3,78,79,66,92,80,21,38,34,50,95,61
2018-09-30,31,94,70,26,90,34,51,47,92,26,33,66,88,11,20,94,77,34,35,46
2018-10-01,67,56,77,5,81,5,88,4,12,18,22,40,65,89,52,53,31,80,11,30
2018-10-02,9,21,58,12,10,82,11,60,35,89,70,5,89,41,29,67,71,30,35,15
2018-10-03,59,95,41,99,17,79,92,68,10,32,8,60,99,37,16,26,57,56,22,75
2018-10-04,8,62,42,12,63,67,44,79,50,28,95,94,9,94,77,10,51,3,58,93
2018-10-05,36,50,22,54,80,21,55,35,74,70,69,37,59,65,68,57,86,24,5,96
2018-10-06,6,90,61,91,56,82,72,52,36,0,25,95,27,75,50,30,99,4,58,46
2018-10-07,7,21,69,10,80,62,10,28,13,79,53,0,54,48,64,3,3,34,68,66
2018-10-08,27,21,68,2,55,42,23,52,21,56,14,40,51,3,61,75,95,20,20,30
2018-10-09,89,40,30,74,3,54,45,62,73,32,63,52,13,88,75,92,72,24,43,38
2018-10-10,3,41,34,0,84,14,50,78,60,16,61,75,85,31,3,60,22,78,67,77
2018-10-11,96,58,90,64,18,79,69,97,24,33,82,6,63,53,16,16,81,1,74,73
2018-10-12,64,40,2,80,12,28,94,30,25,97,8,16,43,78,88,75,97,1,61,11
2018-10-13,91,93,30,82,63,10,60,97,30,0,97,41,43,71,60,30,9,82,48,67
2018-10-14,86,1,85,75,94,23,32,66,92,99,41,53,17,69,83,79,34,96,12,49
2018-10-15,55,53,75,60,7,17,53,69,51,35,5,78,49,53,46,26,27,6,70,27
2018-10-16,29,99,38,51,38,29,0,85,47,71,95,0,67,11,45,84,7,98,58,39
2018-10-17,1,58,49,21,49,1,99,33,48,78,71,88,94,18,39,68,4,71,0,91
2018-10-18,71,56,42,98,73,80,82,2,5,19,65,62,32,97,9,77,48,41,2,72
2018-10-19,77,31,51,60,36,61,43,87,71,11,79,33,93,60,2,73,13,87,94,69
2018-10-20,53,60,42,8,92,32,31,19,99,94,34,26,80,42,96,90,75,8,70,98
2018-10-21,37,88,40,97,65,9,47,4,39,91,23,95,9,66,96,65,89,99,64,78
2018-10-22,3,42,28,82,67,61,93,8,95,10,34,63,34,68,77,82,17,18,5,49
2018-10-23,13,31,84,94,82,0,56,16,37,42,94,63,26,64,95,5,81,21,15,89
2018-10-24,0,74,8,61,62,86,82,68,38,16,63,49,7,95,31,0,90,57,73,15
2018-10-25,40,64,25,70,23,20,1,28,24,76,56,17,56,22,42,88,71,65,28,12
2018-10-26,75,56,62,97,34,80,55,23,5,61,29,69,70,45,53,62,46,87,7,97
2018-10-27,3,20,70,8,26,15,72,57,6,46,20,96,10,59,48,57,95,34,74,44
2018-10-28,66,36,22,8,10,95,78,24,52,71,35,43,71,22,52,21,0,69,70,99
2018-10-29,18,73,94,64,96,99,80,99,62,49,91,83,11,30,26,85,23,30,51,7
2018-10-30,96,49,19,27,79,63,46,33,90,77,71,44,98,71,42,96,89,73,76,42
2018-10-31,50,19,59,36,34,94,16,82,28,2,4,42,45,32,66,48,7,34,10,6
2018-11-01,20,70,69,86,75,53,31,0,64,28,25,97,17,3,94,30,39,8,40,97
2018-11-02,69,47,30,36,61,25,15,69,86,90,84,53,78,92,2,41,20,99,92,80
2018-11-03,29,95,2,18,61,79,88,30,39,45,2,86,33,19,40,71,87,21,17,94
2018-11-04,55,36,19,99,71,21,9,19,24,11,22,11,37,48,45,82,25,88,90,95
2018-11-05,18,24,62,14,8,7,60,80,25,93,79,7,40,6,91,74,68,68,28,93
2018-11-06,92,73,46,4,2,13,59,79,94,17,27,5,98,78,48,57,56,25,18,29
2018-11-07,24,55,30,72,56,53,95,32,63,0,73,50,20,0,70,66,66,43,63,57
2018-11-08,23,51,51,82,43,43,98,89,24,91,13,85,18,42,98,9,83,49,11,95
2018-11-09,54,88,86,1,26,33,53,7,38,81,17,70,46,7,17,14,61,8,82,80
2018-11-10,8,88,95,4,95,27,66,17,81,84,97,99,7,65,27,12,14,93,68,5
2018-11-11,98,80,30,47,72,67,46,51,4,50,34,28,26,64,42,42,15,96,22,40
2018-11-12,19,70,43,41,87,75,51,46,95,95,70,76,89,96,8,99,70,59,41,33
2018-11-13,80,65,20,60,14,49,58,63,14,9,25,60,93,77,74,33,11,89,50,10
2018-11-14,53,67,31,0,62,4,43,82,99,37,2,49,27,89,71,40,76,34,52,92
2018-11-15,20,31,88,46,31,3,41,50,40,27,36,64,89,64,64,81,16,30,5,34
2018-11-16,99,32,85,8,45,35,20,37,65,49,84,90,48,98,7,27,41,58,54,56
2018-11-17,89,27,81,55,49,29,30,38,76,47,15,75,66,94,52,65,47,68,43,13
2018-11-18,98,72,60,48,71,12,32,12,12,2,75,22,83,90,16,70,46,91,48,37
2018-11-19,29,90,22,82,19,64,45,10,12,28,76,72,20,47,9,71,79,89,88,33
2018-11-20,25,89,14,5,31,76,69,98,35,27,37,78,21,94,51,78,82,47,74,36
2018-11-21,81,82,56,21,97,94,61,98,50,37,46,4,54,66,10,25,72,79,98,25
2018-11-22,84,17,13,72,44,79,28,21,54,11,27,16,32,76,12,61,58,53,48,66
2018-11-23,85,16,81,6,48,51,19,8,7,3,57,15,80,89,29,16,40,88,39,10
2018-11-24,98,49,34,89,92,49,30,48,21,47,22,62,75,96,84,8,21,53,25,1
2018-11-25,75,35,6,50,97,67,15,51,90,5,63,72,70,15,90,32,5,8,45,3
2018-11-26,77,86,1,81,98,3,72,99,79,50,88,70,29,22,51,37,32,17,84,70
2018-11-27,33,23,12,11,62,10,96,27,2,85,36,34,11,66,35,82,63,87,62,77
2018-11-28,69,46,68,66,0,69,26,54,11,2,1,15,1,13,55,40,98,80,14,41
2018-11-29,43,36,49,66,64,35,70,28,83,96,29,78,81,49,8,78,40,20,62,43
2018-11-30,8,98,24,51,66,11,73,64,49,52,95,91,11,36,51,91,81,38,88,37
2018-12-01,27,60,35,62,40,79,95,27,51,72,15,79,58,14,86,42,17,19,78,93
2018-12-02,37,7,10,65,37,42,33,46,64,54,16,49,46,54,11,15,53,27,62,37
2018-12-03,22,65,39,15,80,43,91,19,87,81,10,53,65,49,39,94,70,96,84,81
2018-12-04,72,64,88,61,7,58,10,94,64,55,19,51,34,67,60,49,25,52,46,85
2018-12-05,89,75,31,3,92,99,12,68,42,14,99,93,98,14,49,89,67,43,51,3
2018-12-06,61,85,0,15,51,56,34,2,74,24,64,55,43,59,69,57,55,43,43,49
2018-12-07,45,43,21,72,13,90,62,4,65,36,92,93,84,56,91,64,87,16,90,66
2018-12-08,30,99,68,90,0,55,71,1,76,65,27,68,13,82,86,48,50,40,34,87
2018-12-09,30,40,29,65,81,16,25,10,16,40,77,54,5,62,79,39,24,76,2,81
2018-12-10,80,88,8,10,87,47,39,57,5,64,94,67,46,96,68,5,67,5,30,61
2018-12-11,21,3,61,28,53,26,68,89,8,78,15,32,35,20,7,76,79,99,93,43
2018-12-12,13,1,53,86,26,19,43,89,45,72,46,37,44,76,75,43,26,13,0,11
2018-12-13,16,68,81,73,72,99,96,26,14,15,89,10,34,53,61,59,78,57,85,8
2018-12-14,85,59,22,97,93,84,91,38,22,18,87,82,98,84,63,14,16,47,76,17
2018-12-15,91,68,31,88,59,73,38,39,1,53,76,96,89,8,98,14,4,74,90,94
2018-12-16,82,20,15,5,58,48,10,46,56,72,41,31,66,68,27,1,94,75,20,56
2018-12-17,59,12,19,95,50,19,79,47,63,29,5,16,97,62,83,2,76,48,66,35
2018-12-18,62,3,4,79,12,1,91,26,58,83,74,4,56,54,35,75,96,14,14,73
2018-12-19,45,79,14,3,69,99,9,86,38,1,51,27,69,28,48,20,82,92,40,44
2018-12-20,98,14,80,56,88,29,29,32,1,16,99,24,1,27,40,54,6,79,82,21
2018-12-21,79,36,42,93,89,37,48,28,51,68,9,91,71,9,86,74,31,52,86,96
2018-12-22,28,65,86,98,7,50,87,0,43,58,52,73,6,78,28,82,41,4,96,78
2018-12-23,34,27,58,98,29,94,33,70,38,8,93,16,94,10,26,92,65,18,59,18
2018-12-24,87,4,52,6,69,93,83,37,23,12,87,8,62,36,99,50,54,91,96,58
2018-12-25,79,63,42,5,71,70,11,23,73,14,69,71,35,25,37,35,60,74,86,2
2018-12-26,72,31,83,7,55,54,32,97,10,13,64,51,26,30,15,86,56,24,39,90
2018-12-27,88,6,65,15,21,86,89,8,87,72,77,79,50,94,20,50,31,82,8,43
2018-12-28,77,31,24,26,71,28,40,54,94,79,18,88,84,74,51,6,71,51,30,0
2018-12-29,23,60,11,65,81,31,8,13,35,81,63,86,99,20,69,46,49,32,34,67
2018-12-30,62,31,11,57,73,55,0,28,77,74,1,47,43,65,12,62,94,37,33,2
2018-12-31,5,93,97,0,90,17,56,67,35,52,62,19,99,20,1,94,42,39,27,2
2019-01-01,26,39,52,45,87,91,31,95,86,92,70,19,19,90,50,89,72,21,38,96
2019-01-02,1,71,97,10,27,54,84,50,5,12,37,32,21,84,2,82,92,63,62,14
2019-01-03,56,37,22,58,0,27,65,45,14,0,27,54,53,13,61,99,58,52,62,87
2019-01-04,94,4,20,11,77,4,90,2,60,27,47,44,74,49,42,73,92,79,73,48
2019-01-05,90,48,93,80,15,4,74,68,60,97,54,34,56,2,57,90,0,84,80,10
2019-01-06,84,76,49,24,28,61,24,32,93,72,73,95,0,24,65,43,11,78,4,54
2019-01-07,56,63,31,2,88,92,48,2,58,31,18,16,17,33,28,83,49,42,14,87
2019-01-08,5,23,62,70,80,41,34,28,56,34,32,1,94,6,27,92,73,57,66,9
2019-01-09,80,25,95,23,62,54,14,36,78,21,96,29,62,61,47,65,74,61,55,60
2019-01-10,40,7,15,60,92,2,54,25,56,74,73,72,77,7,50,26,92,78,10,24
2019-01-11,45,96,10,56,34,64,64,24,78,9,81,21,58,34,60,26,56,0,37,82
2019-01-12,46,49,62,43,86,40,94,87,42,36,67,75,18,24,14,76,71,18,53,76
2019-01-13,94,17,30,34,62,13,19,78,54,16,38,13,36,40,11,5,88,88,0,64
2019-01-14,9,81,87,61,61,37,24,49,13,67,47,17,58,79,58,52,84,1,61,40
2019-01-15,19,97,40,33,16,99,85,6,56,14,71,48,11,55,91,34,5,94,14,47
2019-01-16,54,23,17,11,6,50,84,12,70,41,3,53,25,60,34,66,91,24,93,20
2019-01-17,7,19,81,67,97,70,41,89,95,79,55,82,17,90,99,66,19,14,95,87
2019-01-18,74,94,50,88,16,18,51,33,43,79,5,72,8,84,20,73,59,38,26,5
2019-01-19,35,20,13,73,21,22,34,46,51,66,58,48,39,26,70,31,84,58,63,50
2019-01-20,92,42,42,89,60,44,26,24,80,27,0,1,97,55,48,91,35,79,72,47
2019-01-21,77,96,20,1,82,40,54,22,84,72,95,47,97,51,62,67,48,56,22,36
2019-01-22,70,3,70,30,27,69,21,96,99,45,40,7,77,16,93,99,12,68,46,54
2019-01-23,17,72,16,88,45,63,92,73,54,40,46,34,94,25,40,77,36,88,24,3
2019-01-24,62,50,93,42,13,32,39,58,27,55,90,42,65,22,80,26,57,30,6,31
2019-01-25,21,89,26,97,49,22,39,18,83,11,87,4,29,13,68,51,93,36,4,76
2019-01-26,57,82,42,73,17,99,17,82,21,78,86,87,47,42,83,57,62,23,44,36
2019-01-27,66,19,40,84,54,89,23,43,50,40,68,14,51,13,62,83,1,45,49,72
2019-01-28,7,40,78,53,74,36,92,7,9,52,47,63,22,22,74,29,72,64,8,71
2019-01-29,87,81,0,53,91,59,29,19,68,77,91,90,33,60,10,9,7,92,15,48
2019-01-30,43,32,53,0,38,47,80,70,84,37,14,40,96,21,17,94,94,14,76,42
2019-01-31,49,49,96,18,77,0,62,65,75,92,75,73,25,99,46,41,50,39,59,34
2019-02-01,23,92,92,49,96,41,38,91,63,76,41,40,8,96,22,49,11,64,39,76
2019-02-02,52,12,1,21,72,82,34,53,24,88,96,75,8,43,99,22,67,93,77,60
2019-02-03,50,92,39,90,43,75,91,55,30,5,80,62,26,87,92,88,60,97,87,10
2019-02-04,98,54,92,76,64,32,2,27,68,86,0,20,67,28,14,8,63,59,85,31
2019-02-05,13,79,98,36,86,76,91,42,10,11,76,86,45,5,6,59,91,39,65,54
2019-02-06,88,83,19,67,84,93,58,17,55,66,27,97,22,91,42,0,54,62,86,54
2019-02-07,9,92,56,27,89,12,9,53,62,51,92,26,99,1,11,18,7,43,86,82
2019-02-08,74,0,86,39,73,72,17,51,92,26,71,95,36,38,45,80,43,48,22,98
2019-02-09,89,60,96,68,95,16,22,88,41,37,75,63,34,39,40,12,22,53,78,41
2019-02-10,38,65,15,38,20,65,11,44,59,83,72,94,67,34,23,5,27,13,36,70
2019-02-11,69,31,50,21,50,51,30,25,97,53,56,0,18,35,96,17,30,99,48,31
2019-02-12,63,49,95,8,79,27,80,84,84,86,71,14,5,34,49,30,74,72,97,40
2019-02-13,78,74,98,77,28,1,96,71,81,79,73,75,92,91,37,3,3,44,83,84
2019-02-14,40,30,50,83,63,13,36,55,53,83,93,10,22,39,29,40,4,6,83,10
2019-02-15,82,30,30,10,1,35,83,91,6,3,15,76,20,23,88,87,67,16,38,23
2019-02-16,67,77,14,89,46,79,5,36,1,71,7,33,78,74,64,69,65,64,34,2
2019-02-17,44,4,46,46,17,78,70,55,92,28,26,18,54,20,86,30,49,52,30,73
2019-02-18,69,76,60,46,44,71,37,43,16,67,7,99,14,38,23,29,32,71,17,26
2019-02-19,10,33,94,38,77,46,44,82,2,86,48,35,90,33,97,93,26,34,81,19
2019-02-20,73,12,20,50,74,73,60,27,41,24,27,32,59,20,4,69,2,97,35,0
2019-02-21,88,59,81,43,35,65,40,55,27,33,8,78,34,97,25,47,30,69,80,48
2019-02-22,36,74,19,59,73,26,65,73,11,32,40,77,56,44,31,0,2,24,11,11
2019-02-23,60,60,4,59,14,37,98,52,3,34,67,22,96,42,2,54,67,45,92,90
2019-02-24,13,7,31,60,60,27,95,30,80,83,9,23,21,91,35,83,47,45,90,44
2019-02-25,74,42,10,5,20,72,37,45,10,62,80,62,98,1,1,50,26,68,79,10
2019-02-26,91,2,68,38,66,9,93,93,51,50,63,58,54,58,85,61,19,91,21,16
2019-02-27,99,21,10,56,82,6,49,6,42,34,13,93,63,84,90,93,74,30,82,52
2019-02-28,27,38,30,46,78,48,26,8,85,41,44,76,84,51,63,23,93,56,71,11
2019-03-01,63,36,45,68,79,34,87,21,56,15,28,89,1,91,32,69,9,64,90,55
2019-03-02,36,79,71,11,66,66,75,31,40,96,57,50,98,22,39,75,71,96,65,31
2019-03-03,39,8,92,12,54,40,13,29,63,3,96,90,8,86,32,6,30,80,66,23
2019-03-04,71,70,74,54,81,64,12,81,32,70,67,33,16,69,84,83,62,22,31,75
2019-03-05,41,73,30,0,60,60,62,26,81,48,76,61,41,67,57,51,64,8,91,33
2019-03-06,22,77,23,99,42,29,6,4,9,0,32,31,43,23,6,7,18,31,14,36
2019-03-07,92,26,16,66,49,4,78,71,97,93,58,68,40,88,55,32,0,58,52,81
2019-03-08,18,81,1,58,39,33,43,22,18,80,22,73,71,3,88,78,79,80,58,99
2019-03-09,17,7,70,29,60,39,33,89,14,18,66,78,83,23,88,60,82,6,35,52
2019-03-10,57,9,53,66,36,50,29,87,59,55,94,66,27,64,96,2,62,15,81,64
2019-03-11,93,66,1,51,90,23,8,71,50,4,27,32,66,47,48,80,27,67,36,41
2019-03-12,55,69,94,26,10,42,54,22,89,79,49,45,4,53,59,89,50,15,18,15
2019-03-13,93,79,82,84,9,70,70,22,49,66,89,11,89,92,92,0,22,69,32,6
2019-03-14,76,2,44,94,44,91,40,34,10,35,33,84,91,2,9,64,48,29,25,22
2019-03-15,52,1,73,30,42,52,21,88,68,87,47,43,23,54,59,41,14,27,1,31
2019-03-16,58,95,17,5,29,15,69,0,98,85,49,92,62,99,27,99,18,35,93,37
2019-03-17,20,5,14,35,42,54,81,1,84,57,75,75,90,9,57,90,71,9,61,79
2019-03-18,27,63,84,52,19,54,58,40,67,43,87,79,80,52,19,72,6,51,5,52
2019-03-19,68,41,41,12,30,44,86,89,95,10,29,46,64,70,78,49,55,96,24,80
2019-03-20,71,14,92,85,77,12,13,68,10,11,40,0,72,54,7,54,5,7,48,49
2019-03-21,33,62,38,58,34,71,57,16,68,78,6,60,79,11,90,41,73,89,98,58
2019-03-22,70,25,29,85,39,82,5,21,17,52,8,34,98,79,76,13,36,68,2,43
2019-03-23,92,8,90,19,18,19,93,60,75,36,87,58,59,75,77,68,11,86,26,99
2019-03-24,38,11,31,57,39,82,68,21,53,78,89,39,92,3,67,78,42,1,68,34
2019-03-25,15,15,76,18,48,97,75,54,52,16,44,14,8,10,60,19,14,86,12,70
2019-03-26,41,57,2,0,81,47,7,34,50,13,54,52,60,81,41,88,47,45,65,61
2019-03-27,1,98,94,28,55,77,92,58,1,68,9,67,58,64,18,49,61,30,18,22
2019-03-28,85,46,66,51,83,50,9,19,1,83,66,75,71,82,98,65,25,10,58,77
2019-03-29,56,30,71,44,28,84,57,28,32,57,42,16,61,68,0,53,57,33,33,31
2019-03-30,44,81,46,99,37,69,54,76,88,51,49,94,93,99,15,0,43,73,7,37
2019-03-31,58,21,73,22,84,34,59,54,29,43,84,54,5,71,18,48,46,48,3,27
2019-04-01,5,41,62,65,6,11,66,53,83,20,12,36,63,48,9,7,67,29,66,29
2019-04-02,31,20,98,1,12,83,13,28,26,69,41,84,74,53,24,79,86,83,5,69
2019-04-03,70,94,26,78,68,87,69,85,35,15,36,81,13,63,98,89,67,79,11,49
2019-04-04,53,78,28,10,69,49,84,48,84,50,78,72,26,30,89,23,69,14,75,22
2019-04-05,59,56,20,49,87,68,99,78,64,56,93,52,40,83,94,47,13,60,74,37
2019-04-06,74,53,30,62,38,78,0,81,30,95,75,24,97,49,52,90,91,69,97,32
2019-04-07,23,2,34,60,30,57,4,35,74,10,71,76,56,88,95,3,67,23,40,62
2019-04-08,71,84,70,77,59,11,2,52,71,10,42,25,56,39,20,0,32,51,92,22
2019-04-09,51,56,64,32,9,92,95,43,58,2,4,7,73,22,18,0,2,40,54,57
2019-04-10,45,45,75,28,23,85,68,47,27,13,3,85,59,4,15,27,26,54,39,88
2019-04-11,71,91,86,92,98,31,20,16,62,68,8,82,78,62,43,15,50,15,60,30
2019-04-12,24,44,58,36,96,0,91,0,21,99,72,64,72,40,78,15,79,93,85,73
2019-04-13,65,52,39,86,64,43,78,5,81,81,22,3,71,19,99,0,22,4,78,57
2019-04-14,84,96,61,23,9,86,24,89,87,62,60,95,75,68,43,48,38,94,63,78
2019-04-15,3,85,41,73,4,89,65,45,30,31,30,13,46,45,41,70,41,8,85,42
2019-04-16,65,92,76,53,54,84,82,17,62,86,80,12,43,51,25,67,47,29,33,85
2019-04-17,86,81,91,95,49,9,80,63,38,97,33,90,59,3,86,76,64,61,21,21
2019-04-18,2,15,33,54,13,55,26,25,94,99,81,5,72,17,56,89,38,92,70,30
2019-04-19,9,81,45,7,10,96,24,96,68,30,38,77,43,7,22,86,69,50,24,47
2019-04-20,78,8,99,85,31,87,68,66,13,90,45,80,29,30,96,49,5,83,22,87
2019-04-21,91,7,58,98,93,52,68,60,20,65,33,33,41,85,23,25,0,15,97,43
2019-04-22,19,96,2,48,80,77,18,70,62,67,26,81,55,72,93,85,78,28,5,57
2019-04-23,3,71,73,56,16,87,59,51,56,8,74,6,57,16,20,23,1,89,80,3
2019-04-24,5,78,0,46,10,59,99,17,95,86,98,76,85,59,86,11,74,62,5,29
2019-04-25,21,40,19,27,29,59,13,24,31,44,3,99,30,28,55,85,45,24,56,48
2019-04-26,42,98,99,56,6,56,95,92,21,19,15,81,49,33,32,27,88,40,24,71
2019-04-27,63,71,82,10,0,5,70,93,33,78,72,97,47,16,76,81,70,86,37,69
2019-04-28,26,44,24,15,3,67,87,31,42,0,41,28,57,90,50,67,70,15,34,11
2019-04-29,44,88,48,45,20,31,93,30,73,4,12,31,90,21,72,16,61,58,62,28
2019-04-30,16,88,56,21,41,6,47,42,13,44,63,92,70,50,77,27,66,0,7,62
2019-05-01,19,68,63,6,39,61,71,81,33,83,35,0,61,24,12,25,82,91,96,30
2019-05-02,45,80,31,38,23,57,65,31,2,73,61,21,31,95,63,59,63,95,33,28
2019-05-03,37,80,12,20,22,63,64,37,27,75,3,73,21,90,41,64,12,25,70,55
2019-05-04,77,56,56,85,42,89,37,32,77,1,17,7,51,62,1,16,30,29,9,17
2019-05-05,84,70,29,26,8,34,39,90,74,47,13,65,93,7,84,18,70,18,60,23
2019-05-06,54,60,61,68,6,70,15,67,12,47,38,96,63,8,70,19,28,37,77,94
2019-05-07,92,17,6,82,28,58,97,18,37,86,64,93,63,30,80,75,93,47,50,32
2019-05-08,26,99,97,52,95,35,84,63,71,71,63,85,39,84,18,19,71,75,90,27
2019-05-09,5,50,87,97,85,48,86,21,92,56,38,58,78,24,10,73,95,63,14,64
2019-05-10,11,30,3,48,32,9,30,64,28,14,54,75,83,47,71,83,67,52,5,29
2019-05-11,31,39,95,20,54,99,61,20,96,33,4,43,24,81,21,81,3,92,4,93
2019-05-12,7,87,83,59,3,62,61,55,63,96,99,52,9,13,72,98,43,9,35,38
2019-05-13,99,68,11,33,4,65,67,5,33,90,82,57,48,99,72,95,7,21,3,86
2019-05-14,69,17,97,95,22,64,66,0,68,22,90,83,90,75,16,36,70,32,71,33
2019-05-15,17,51,68,51,64,43,77,64,57,43,53,5,66,20,86,81,52,84,67,14
2019-05-16,74,99,4,24,59,41,63,58,78,7,44,86,36,50,2,22,46,39,71,61
2019-05-17,88,85,24,1,85,32,34,15,69,28,17,50,75,26,72,46,40,35,14,33
2019-05-18,87,10,95,10,36,60,83,14,14,62,29,64,82,7,84,3,89,97,66,98
2019-05-19,82,4,0,2,45,62,48,67,44,4,22,99,34,32,15,98,23,64,4,6
2019-05-20,71,63,68,23,98,55,96,16,40,33,75,74,48,1,17,5,84,28,11,35
2019-05-21,7,97,31,93,68,56,47,68,68,1,90,36,35,40,68,37,37,6,41,14
2019-05-22,85,33,96,68,75,94,23,56,4,10,36,68,83,25,74,22,0,5,58,49
2019-05-23,27,0,56,81,6,73,63,47,4,92,47,39,86,84,72,82,12,76,32,86
2019-05-24,37,5,41,75,50,76,3,17,56,38,68,96,65,41,54,91,67,80,30,74
2019-05-25,13,74,88,90,11,82,10,47,68,48,33,68,66,58,52,70,40,6,53,72
2019-05-26,29,14,91,86,61,78,96,56,24,63,91,69,2,91,75,40,98,72,82,94
2019-05-27,3,77,38,86,87,82,77,79,29,40,11,83,64,61,24,61,45,99,86,52
2019-05-28,80,16,10,63,72,5,20,53,6,42,48,92,31,16,0,12,75,44,19,93
2019-05-29,78,11,26,84,69,94,7,77,7,33,75,71,0,20,77,12,32,18,11,83
2019-05-30,6,53,69,5,63,33,83,79,79,39,82,62,37,8,6,25,29,92,99,14
2019-05-31,94,70,49,95,71,59,20,24,91,21,3,26,48,38,93,41,88,59,52,16
2019-06-01,27,86,77,44,90,81,11,60,79,80,9,22,41,25,10,62,50,15,58,6
2019-06-02,38,79,89,24,85,89,60,98,24,6,84,49,34,5,6,9,18,97,28,81
2019-06-03,1,32,90,18,28,82,12,5,96,40,65,12,22,45,67,29,88,78,55,45
2019-06-04,61,73,13,85,48,93,95,3,38,52,53,82,14,62,94,99,1,97,12,53
2019-06-05,24,60,3,23,30,91,58,70,67,39,1,10,45,94,24,69,82,90,29,93
2019-06-06,60,50,77,23,81,64,79,85,61,3,29,87,62,89,38,50,86,76,37,2
2019-06-07,88,78,44,54,20,41,16,21,84,36,81,47,7,36,15,69,91,76,77,86
2019-06-08,77,56,71,41,7,70,72,22,95,5,73,96,30,91,82,74,95,65,49,67
2019-06-09,41,32,8,37,80,94,97,20,57,57,17,58,36,94,25,83,89,73,21,26
2019-06-10,97,7,11,97,77,74,16,48,84,32,19,1,62,29,86,28,15,96,96,68
2019-06-11,92,16,46,20,47,79,84,0,38,99,58,29,38,32,44,44,50,46,51,2
2019-06-12,5,37,88,79,11,49,60,48,69,99,9,51,51,56,16,63,4,74,66,33
2019-06-13,98,82,53,99,83,13,59,58,65,94,49,7,47,78,35,2,30,68,8,37
2019-06-14,13,47,14,10,69,15,15,59,4,3,43,36,54,99,43,57,91,48,78,54
2019-06-15,63,93,0,90,49,60,45,26,6,94,62,87,29,27,33,23,49,93,87,49
2019-06-16,34,61,61,68,53,2,7,97,74,94,33,53,32,90,28,69,17,10,15,52
2019-06-17,84,99,62,53,78,6,80,75,52,2,20,36,94,63,51,48,77,32,9,67
2019-06-18,32,32,45,24,92,84,99,96,31,38,69,1,99,1,53,66,91,64,59,30
2019-06-19,59,74,51,77,6,33,95,32,62,51,93,16,29,86,66,54,39,41,93,67
2019-06-20,92,97,54,60,65,83,65,11,94,66,86,42,47,68,77,7,40,76,99,1
2019-06-21,26,46,22,2,53,64,41,36,98,47,79,28,83,82,26,65,68,44,77,30
2019-06-22,48,99,17,14,14,99,15,19,69,75,52,98,3,62,60,32,89,55,24,8
2019-06-23,10,89,25,90,12,98,83,11,8,80,7,26,80,90,76,88,55,77,34,78
2019-06-24,67,57,99,46,61,50,26,33,97,39,67,56,88,75,8,35,71,16,50,31
2019-06-25,6,99,92,74,20,98,63,96,4,17,67,90,17,31,58,99,79,92,67,87
2019-06-26,50,12,70,60,48,27,78,82,36,92,36,10,16,49,7,71,79,54,89,95
2019-06-27,44,8,23,65,40,68,66,60,15,28,37,82,68,64,67,50,3,20,14,6
2019-06-28,31,78,11,11,12,26,20,1,27,99,33,21,49,22,55,40,89,92,71,21
2019-06-29,47,30,79,2,66,32,48,32,36,67,59,24,4,85,49,61,48,61,62,1
2019-06-30,53,50,9,74,23,5,80,86,24,68,0,72,46,79,39,35,84,3,18,41
2019-07-01,59,0,57,37,63,90,44,55,46,11,79,88,81,94,46,65,16,97,58,26
2019-07-02,80,58,94,76,87,54,51,75,10,5,98,91,95,6,26,90,8,45,34,87
2019-07-03,51,29,52,11,73,61,60,43,29,6,94,41,49,37,98,79,9,60,48,79
2019-07-04,99,74,86,50,37,64,74,22,50,11,21,88,14,81,37,66,91,78,82,26
2019-07-05,36,73,77,79,74,23,28,94,55,75,59,92,86,26,88,30,44,85,32,29
2019-07-06,66,99,13,70,52,41,74,55,79,74,98,81,6,77,64,8,60,75,19,43
2019-07-07,54,41,87,16,77,77,44,53,15,19,53,22,80,61,5,35,85,27,71,9
2019-07-08,93,44,49,56,36,72,1,16,18,63,89,6,85,81,7,14,35,11,75,50
2019-07-09,41,72,29,87,65,34,53,25,98,43,89,97,53,72,57,9,95,45,89,65
2019-07-10,10,41,19,16,71,3,96,44,48,29,8,58,34,62,55,21,46,30,23,76
2019-07-11,1,26,53,47,94,84,75,51,42,3,82,43,32,60,75,52,14,92,11,96
2019-07-12,44,94,91,40,80,8,8,35,60,0,51,97,85,23,52,17,26,92,99,24
2019-07-13,21,38,44,8,14,42,23,84,75,53,43,83,16,88,4,92,13,81,1,81
2019-07-14,58,1,77,10,53,33,75,85,46,75,91,68,32,46,22,45,24,80,60,63
2019-07-15,11,0,78,54,93,53,21,69,70,6,69,21,25,3,62,73,23,79,76,40
2019-07-16,6,28,16,95,81,7,51,26,3,32,12,22,32,40,46,52,37,49,41,96
2019-07-17,6,58,19,37,54,75,97,49,25,79,22,50,84,40,55,11,5,98,17,33
2019-07-18,50,37,9,19,49,43,79,31,94,28,33,94,84,31,39,84,8,29,53,82
2019-07-19,56,48,96,11,78,12,73,54,26,54,87,47,0,5,63,67,40,24,71,30
2019-07-20,7,40,53,96,59,20,83,29,95,32,90,87,86,3,84,72,33,49,63,94
2019-07-21,78,42,64,18,42,79,60,78,50,38,74,9,97,94,88,88,51,49,82,28
2019-07-22,84,20,87,54,84,49,60,92,41,22,9,58,61,62,3,2,89,69,11,7
2019-07-23,16,80,72,63,64,85,33,32,42,98,55,54,80,17,40,64,98,15,45,90
2019-07-24,72,61,25,18,37,25,80,72,83,17,30,76,16,14,38,18,7,31,87,5
2019-07-25,56,56,53,50,1,4,51,96,40,47,98,77,77,50,89,58,65,78,40,95
2019-07-26,98,58,22,77,32,57,8,80,95,9,73,86,10,24,39,83,49,13,25,46
2019-07-27,3,63,2,78,73,86,15,60,78,51,13,9,60,49,92,83,72,98,69,9
2019-07-28,7,81,36,92,11,19,77,84,86,9,38,64,91,23,60,14,74,12,99,9
2019-07-29,68,77,25,25,59,63,72,58,17,92,16,56,92,91,16,23,60,33,73,52
2019-07-30,26,41,69,78,36,10,35,63,75,87,96,52,88,26,55,53,76,77,28,88
2019-07-31,89,94,45,98,78,65,43,84,76,58,99,24,64,32,45,33,33,37,5,3
2019-08-01,72,31,2,8,19,4,94,56,39,53,11,70,96,13,15,62,15,12,67,61
2019-08-02,21,82,10,33,73,61,60,68,64,87,56,40,76,25,75,27,48,73,62,8
2019-08-03,44,81,99,46,8,36,48,7,86,53,41,39,2,51,47,34,65,41,57,88
2019-08-04,36,39,86,35,43,80,59,93,47,47,4,19,53,18,45,28,2,47,64,33
2019-08-05,77,14,9,93,92,40,41,85,53,11,11,13,78,60,29,16,12,74,88,53
2019-08-06,77,28,58,43,8,48,84,5,47,87,79,49,17,84,15,27,12,45,62,82
2019-08-07,46,97,59,60,17,19,57,72,20,48,35,43,22,14,32,86,80,10,8,49
2019-08-08,27,82,48,85,10,97,76,73,94,47,14,49,81,85,48,73,24,23,58,42
2019-08-09,16,76,53,52,18,24,69,85,17,81,78,81,58,35,77,47,22,40,45,50
2019-08-10,89,41,28,96,24,1,84,95,68,40,54,83,88,10,86,61,3,10,4,94
2019-08-11,42,71,0,79,48,92,52,78,62,52,94,49,89,3,65,91,89,48,47,81
2019-08-12,33,93,25,7,77,40,35,32,98,57,99,34,41,21,43,6,0,45,74,43
2019-08-13,51,44,52,77,80,83,21,45,83,94,54,49,76,99,42,16,83,71,14,32
2019-08-14,55,73,78,15,21,74,11,49,54,33,79,5,77,64,50,87,20,80,18,99
2019-08-15,3,55,16,40,14,19,6,0,71,45,4,93,66,26,43,48,56,85,58,97
2019-08-16,72,98,55,67,73,75,2,12,22,27,90,72,14,42,24,82,91,16,41,95
2019-08-17,65,86,35,20,69,13,83,75,30,49,79,93,35,78,19,90,68,15,73,72
2019-08-18,74,34,73,82,34,20,88,62,46,87,13,81,49,4,97,77,21,92,93,80
2019-08-19,12,18,75,91,21,46,15,47,64,1,64,63,45,89,13,5,49,53,26,96
2019-08-20,25,27,81,92,53,1,35,22,51,68,39,53,75,24,19,80,3,15,1,55
2019-08-21,60,53,41,52,19,82,98,54,37,79,19,32,93,18,11,54,58,59,16,72
2019-08-22,24,94,22,1,56,20,62,22,42,17,42,13,33,19,81,72,16,8,2,22
2019-08-23,48,39,97,79,7,15,2,13,52,7,5,11,66,1,96,38,33,47,51,42
2019-08-24,48,33,32,2,67,61,66,94,47,88,44,47,63,21,21,50,6,23,79,46
2019-08-25,2,6,91,95,64,18,36,30,78,53,77,36,86,42,41,48,59,89,45,93
2019-08-26,39,32,29,2,84,7,33,25,74,93,81,31,45,24,92,11,95,81,71,77
2019-08-27,33,29,38,18,74,47,88,87,15,21,41,11,68,73,72,47,84,60,99,81
2019-08-28,72,12,83,30,41,46,33,10,19,80,65,94,82,40,78,57,28,97,92,11
2019-08-29,83,7,92,62,16,81,51,5,79,78,48,73,4,31,67,23,45,93,82,55
2019-08-30,57,88,86,8,46,19,8,29,61,79,91,42,42,15,19,10,97,12,75,31
2019-08-31,53,87,93,24,91,25,80,1,53,72,83,84,29,85,32,23,0,23,11,67
2019-09-01,14,58,12,70,28,30,64,93,99,35,94,61,90,2,3,7,80,13,17,58
2019-09-02,95,56,73,18,91,5,28,45,22,66,67,21,0,7,0,90,62,13,9,81
2019-09-03,81,92,15,52,12,79,41,69,3,77,22,84,18,79,13,66,77,38,24,34
2019-09-04,29,63,4,4,28,27,17,71,2,92,75,40,85,61,57,31,66,13,52,11
2019-09-05,44,61,15,22,81,25,9,33,93,69,57,84,66,81,65,86,62,26,4,10
2019-09-06,51,97,75,77,66,90,73,25,49,40,16,22,28,17,21,91,34,82,6,98
2019-09-07,76,90,52,63,36,43,75,4,3,87,11,72,19,36,29,49,82,87,22,33
2019-09-08,83,8,11,47,79,33,6,96,93,65,68,93,64,78,46,22,83,68,28,62
2019-09-09,81,27,76,7,62,99,86,87,68,46,67,32,55,53,54,41,35,33,22,43
2019-09-10,11,90,6,83,24,85,72,92,87,70,15,54,33,88,87,31,67,33,67,61
2019-09-11,51,87,24,79,68,28,42,6,59,88,11,13,47,28,27,63,41,84,42,61
2019-09-12,39,25,47,72,95,4,53,63,8,82,27,87,55,15,73,15,72,80,57,27
2019-09-13,43,52,66,63,40,75,77,69,27,46,43,81,80,86,23,74,87,16,3,10
2019-09-14,60,42,19,52,78,85,75,88,60,83,41,85,89,68,43,28,32,13,4,41
2019-09-15,4,88,64,84,44,22,29,85,12,69,22,35,0,47,12,85,9,25,1,99
2019-09-16,64,64,51,86,14,79,80,3,13,54,9,28,40,15,70,49,63,47,41,49
2019-09-17,89,39,64,83,62,22,12,59,72,76,69,0,77,60,98,76,43,67,61,33
2019-09-18,53,20,8,73,38,75,48,80,73,76,42,96,40,79,48,23,62,46,26,38
2019-09-19,15,98,64,17,76,60,72,58,6,20,76,75,75,1,80,43,69,27,76,98
2019-09-20,25,78,60,27,29,73,28,4,87,58,75,60,51,76,3,31,62,94,39,97
2019-09-21,75,48,42,12,61,5,42,23,95,36,48,37,13,35,77,62,43,82,0,82
2019-09-22,5,87,94,81,1,52,82,54,35,47,8,49,2,64,39,19,1,92,55,64
2019-09-23,77,62,41,62,25,56,20,91,50,23,63,9,43,86,76,70,47,44,1,60
2019-09-24,57,0,13,1,25,0,41,47,43,19,52,81,29,31,54,23,33,45,38,81
2019-09-25,84,40,44,95,50,99,76,26,22,15,80,30,67,54,82,75,6,33,52,80
2019-09-26,71,54,80,43,5,87,52,80,39,58,33,40,14,74,28,30,35,43,57,68
2019-09-27,67,42,48,14,52,87,46,93,15,73,70,68,66,2,74,49,52,5,18,91
2019-09-28,31,39,18,63,74,92,56,27,7,26,61,97,7,38,66,57,65,46,26,48
2019-09-29,38,70,17,49,95,53,23,93,24,75,10,85,18,39,96,57,26,0,0,27
2019-09-30,52,48,92,76,92,51,44,56,37,21,83,68,32,44,22,56,35,87,52,41
2019-10-01,74,90,81,49,35,66,81,97,45,66,29,8,25,1,50,37,67,61,16,67
2019-10-02,18,0,97,2,34,63,37,38,72,60,51,88,10,46,23,3,97,73,21,40
2019-10-03,22,68,35,91,20,34,93,88,29,48,88,67,63,66,92,51,18,47,72,49
2019-10-04,31,66,45,96,35,71,55,7,46,2,78,73,5,49,96,28,90,15,0,53
2019-10-05,23,87,67,68,67,67,74,66,83,55,35,46,44,33,41,38,11,83,75,33
2019-10-06,94,94,85,2,37,45,71,63,67,76,94,55,90,81,33,81,11,15,99,42
2019-10-07,46,95,36,23,7,52,19,6,81,32,57,10,50,63,44,33,31,10,11,49
2019-10-08,13,22,16,80,44,55,58,39,29,38,53,35,13,91,73,6,90,17,9,17
2019-10-09,93,22,78,64,51,36,9,71,39,53,5,77,69,52,49,33,34,6,68,4
2019-10-10,0,3,20,57,68,42,40,57,59,84,81,82,84,87,55,59,72,19,36,91
2019-10-11,52,5,40,16,35,54,50,49,1,44,2,40,64,12,91,63,21,39,9,2
2019-10-12,91,67,77,62,90,89,5,18,39,34,52,26,79,0,79,39,0,84,44,72
2019-10-13,87,3,26,11,9,94,80,36,68,91,22,1,82,72,16,48,16,60,64,27
2019-10-14,78,47,70,63,45,29,20,74,64,28,96,81,12,16,54,10,96,63,6,44
2019-10-15,22,49,24,83,72,90,19,38,80,37,37,98,77,86,40,58,45,45,12,84
2019-10-16,39,58,85,77,19,61,49,26,4,62,77,94,35,39,16,98,84,95,49,20
2019-10-17,57,37,34,8,7,37,92,72,76,23,73,40,5,39,13,85,84,28,61,36
2019-10-18,15,64,76,77,14,51,2,9,8,5,33,35,69,32,14,94,87,12,36,16
2019-10-19,95,35,9,72,71,24,32,41,26,28,80,75,69,68,52,35,72,11,14,12
2019-10-20,73,59,45,47,82,12,38,76,65,43,22,94,40,87,77,86,1,47,25,27
2019-10-21,26,38,41,63,30,27,36,68,0,74,33,57,76,51,64,91,2,34,92,83
2019-10-22,61,22,33,85,69,28,13,78,57,96,40,34,29,48,32,7,31,21,81,23
2019-10-23,45,67,14,53,84,58,48,83,94,82,40,61,52,30,43,82,30,88,99,30
2019-10-24,12,95,17,77,3,23,26,29,91,17,17,69,95,38,77,3,82,72,89,63
2019-10-25,94,38,73,72,26,92,77,86,36,84,31,96,2,61,11,71,36,87,87,36
2019-10-26,80,68,42,34,21,6,51,54,44,95,1,85,80,75,52,19,86,74,83,23
2019-10-27,55,41,63,75,17,17,4,15,24,7,35,67,79,34,8,75,39,25,47,96
2019-10-28,37,95,25,10,15,77,53,58,96,50,11,71,20,58,85,47,31,57,12,30
2019-10-29,50,25,3,58,40,39,99,11,15,87,13,91,67,52,27,35,82,5,76,82
2019-10-30,70,5,74,72,1,89,13,96,7,23,69,13,18,1,82,3,63,58,51,37
2019-10-31,29,95,78,92,73,82,96,45,90,4,10,49,45,43,53,53,87,34,31,70
2019-11-01,64,82,30,0,94,4,68,32,42,83,41,14,75,2,27,53,43,62,38,39
2019-11-02,34,88,1,93,35,36,72,38,61,90,84,51,71,39,77,17,4,54,21,72
2019-11-03,10,0,67,50,95,24,12,2,44,10,77,7,92,54,69,13,8,35,52,57
2019-11-04,32,27,98,27,13,35,30,42,62,60,69,15,4,79,21,31,45,71,16,90
2019-11-05,32,98,28,72,37,83,46,87,75,58,24,25,99,92,13,20,10,20,29,83
2019-11-06,9,88,97,28,45,52,20,73,57,11,89,30,15,98,10,5,23,31,43,68
2019-11-07,36,55,0,38,94,77,74,30,48,84,88,71,45,7,11,0,35,2,43,59
2019-11-08,59,55,22,51,97,44,87,38,62,48,68,89,44,75,88,78,2,0,88,72
2019-11-09,95,29,78,80,85,69,13,68,60,33,20,88,14,42,62,97,67,30,6,31
2019-11-10,29,81,37,9,86,1,0,47,6,17,98,84,76,67,4,83,47,9,30,50
2019-11-11,1,25,33,46,0,56,19,59,23,40,62,65,3,53,81,20,53,44,84,43
2019-11-12,94,65,56,29,59,13,41,28,67,76,92,22,88,84,86,74,26,87,59,74
2019-11-13,20,15,27,51,41,88,1,8,32,16,40,71,99,20,26,76,27,70,58,85
2019-11-14,3,97,96,2,49,40,25,97,17,26,0,58,86,62,65,6,71,40,47,58
2019-11-15,97,74,68,43,3,53,66,70,60,30,22,9,70,97,52,67,69,16,19,20
2019-11-16,93,1,54,37,65,22,96,33,92,58,41,73,55,13,70,57,56,73,65,36
2019-11-17,31,25,57,29,12,78,20,16,84,70,76,35,61,93,28,6,17,89,28,49
2019-11-18,53,96,30,52,95,20,59,6,26,6,33,20,79,46,40,69,94,30,6,10
2019-11-19,85,84,47,14,52,66,33,8,32,69,97,19,91,45,66,86,55,6,26,80
2019-11-20,55,32,58,26,24,82,40,27,40,92,18,18,35,6,7,1,14,64,19,37
2019-11-21,70,3,20,99,59,65,51,96,14,6,81,0,56,0,34,65,54,55,15,29
2019-11-22,71,2,59,51,34,33,79,38,7,96,13,79,1,36,51,2,73,26,54,79
2019-11-23,59,45,33,4,91,59,63,44,37,4,16,42,24,4,54,46,42,78,59,0
2019-11-24,76,48,51,88,10,59,28,3,43,28,0,49,31,43,1,40,47,46,71,99
2019-11-25,2,39,85,62,98,71,72,7,27,58,52,76,99,20,42,86,83,81,62,99
2019-11-26,35,11,13,43,80,45,61,35,71,15,52,18,46,43,60,50,97,90,29,12
2019-11-27,6,19,22,88,92,23,75,83,37,87,98,96,74,37,22,99,27,43,26,49
2019-11-28,11,80,50,41,36,57,77,90,84,44,83,52,63,67,39,48,69,30,74,35
2019-11-29,58,83,2,24,56,10,20,74,2,61,3,11,39,96,54,31,41,56,61,26
2019-11-30,19,49,64,81,59,69,48,56,63,23,93,34,60,56,85,11,88,13,14,86
2019-12-01,25,61,46,93,78,33,81,22,61,75,70,65,82,55,92,14,35,78,30,44
2019-12-02,77,53,18,17,30,30,13,83,28,80,97,33,97,19,64,99,80,22,25,26
2019-12-03,94,24,50,34,36,40,34,59,42,44,50,35,75,50,50,20,3,80,85,24
2019-12-04,36,35,68,18,97,6,97,6,31,25,25,99,45,11,98,24,7,2,46,91
2019-12-05,1,72,26,21,70,74,55,20,0,73,59,42,21,76,7,64,68,22,48,52
2019-12-06,59,90,54,6,34,62,33,76,18,14,23,87,68,52,30,91,88,39,75,91
2019-12-07,31,32,54,40,76,53,21,35,67,5,34,1,82,11,7,78,8,68,37,82
2019-12-08,18,8,22,93,82,28,20,15,22,20,88,1,88,4,82,42,7,79,25,87
2019-12-09,75,98,83,24,40,69,31,54,23,66,34,5,96,84,30,12,73,22,60,77
2019-12-10,27,28,6,31,59,15,95,72,20,53,39,38,55,10,21,14,17,65,99,65
2019-12-11,98,57,28,87,6,10,94,65,92,13,76,23,34,89,41,67,88,87,0,15
2019-12-12,91,56,48,6,2,95,47,78,22,23,56,87,28,32,55,4,37,55,0,63
2019-12-13,5,71,80,83,67,56,30,42,8,70,2,41,50,65,34,44,58,92,67,25
2019-12-14,84,5,27,10,44,63,53,81,56,23,53,73,50,44,52,54,31,85,20,3
2019-12-15,74,84,64,46,97,37,40,59,43,55,96,23,14,42,50,71,95,68,98,24
2019-12-16,20,30,78,18,19,41,31,64,89,13,54,8,22,30,57,55,64,81,18,74
2019-12-17,66,7,34,2,9,28,24,90,89,57,73,99,41,52,65,92,79,6,71,25
2019-12-18,25,54,69,15,31,71,15,84,45,58,8,95,90,19,66,79,12,57,85,50
2019-12-19,92,4,91,97,15,43,62,89,15,33,79,41,60,56,97,14,94,56,90,11
2019-12-20,64,84,78,0,45,11,15,70,95,63,10,24,37,12,84,19,12,72,12,41
2019-12-21,51,8,55,48,66,21,35,65,3,11,28,10,3,98,45,53,25,0,75,72
2019-12-22,97,2,13,71,33,6,30,8,83,87,63,38,76,63,79,51,95,29,60,80
2019-12-23,89,94,39,69,29,64,18,42,92,81,49,14,39,13,6,90,49,8,71,7
2019-12-24,39,23,16,53,71,48,82,91,80,95,92,83,29,17,72,84,82,64,82,70
2019-12-25,66,4,46,3,9,54,4,91,45,69,14,84,47,55,64,53,56,74,80,30
2019-12-26,92,35,27,31,35,31,84,56,96,8,61,9,45,38,68,74,23,19,41,24
2019-12-27,67,51,82,98,37,91,77,14,83,48,70,70,88,76,82,32,97,66,77,85
2019-12-28,12,33,83,92,75,48,25,52,39,88,56,39,49,93,61,22,50,46,31,73
2019-12-29,26,49,44,46,56,68,14,28,77,90,4,7,93,14,97,82,12,10,97,25
2019-12-30,53,23,60,84,65,4,59,66,20,76,62,0,95,44,23,8,37,30,29,79
2019-12-31,64,13,70,72,51,99,28,5,2,32,49,7,56,90,79,67,66,73,49,40
2020-01-01,30,9,56,47,11,26,78,25,42,16,16,75,6,28,98,47,60,64,19,36
2020-01-02,40,23,23,60,10,12,57,44,61,2,70,84,52,84,39,7,37,44,86,33
2020-01-03,31,88,25,64,32,95,18,72,55,97,99,79,10,46,85,63,87,79,31,19
2020-01-04,32,69,48,4,74,4,40,46,50,13,74,84,69,95,25,16,6,72,16,93
2020-01-05,59,80,43,73,44,53,77,23,88,71,74,23,9,7,64,15,99,96,2,72
2020-01-06,26,34,24,83,89,4,27,44,52,8,83,93,40,85,67,59,81,47,54,27
2020-01-07,71,15,24,47,38,23,19,86,59,37,84,82,11,56,30,54,71,0,51,29
2020-01-08,53,10,81,54,21,76,3,59,50,3,24,7,73,70,8,10,88,20,30,68
2020-01-09,6,94,2,84,36,15,37,97,52,5,94,14,5,4,82,15,17,94,61,28
2020-01-10,58,24,49,33,62,75,34,14,35,75,78,78,97,82,96,62,22,60,19,8
2020-01-11,30,36,70,36,0,91,58,21,25,12,90,23,94,26,79,1,48,36,33,99
2020-01-12,72,25,75,12,92,42,19,27,15,93,30,14,81,21,9,66,0,83,56,24
2020-01-13,47,26,53,57,77,46,78,6,92,18,83,49,10,35,91,83,72,37,58,23
2020-01-14,64,26,82,70,38,65,32,15,23,27,22,67,73,45,98,89,8,46,90,22
2020-01-15,37,94,77,83,87,17,69,80,22,4,17,74,69,89,31,62,2,93,55,74
2020-01-16,28,8,6,81,15,82,26,54,26,5,54,36,43,60,31,56,65,8,35,8
2020-01-17,0,5,59,8,86,75,0,57,1,10,98,45,2,85,91,54,70,78,73,49
2020-01-18,83,52,25,0,35,8,6,46,94,10,27,83,40,75,54,60,16,35,62,2
2020-01-19,18,38,67,50,71,72,3,90,82,27,48,30,90,38,39,91,60,13,62,79
2020-01-20,33,52,62,51,99,50,64,79,13,4,97,73,39,1,16,0,39,55,16,63
2020-01-21,95,99,83,44,54,50,15,85,67,63,22,15,87,17,7,62,70,11,20,78
2020-01-22,92,47,79,31,70,55,84,77,28,14,80,3,67,47,7,68,48,86,20,0
2020-01-23,13,26,65,36,11,98,10,35,87,65,31,97,50,0,0,94,28,81,4,14
2020-01-24,85,99,5,16,72,52,40,19,94,17,26,32,13,53,34,60,36,11,87,50
2020-01-25,32,1,59,78,65,78,15,97,21,26,51,0,44,19,74,75,61,42,31,82
2020-01-26,50,49,11,21,36,69,84,99,42,45,76,32,54,67,23,27,35,57,27,20
2020-01-27,14,80,88,90,82,13,9,49,52,73,22,93,30,57,86,52,75,74,79,81
2020-01-28,39,36,80,57,60,41,20,45,96,29,27,13,48,28,68,13,24,6,4,81
2020-01-29,90,76,86,8,89,46,76,61,34,26,11,41,49,98,3,59,52,2,32,42
2020-01-30,49,23,3,29,83,80,18,64,92,17,12,2,17,81,81,54,33,80,19,13
2020-01-31,8,85,71,62,72,14,38,81,91,51,12,97,39,31,11,1,60,61,23,16
2020-02-01,52,43,30,21,85,98,35,69,86,2,90,49,55,53,24,78,73,9,56,95
2020-02-02,87,62,19,34,15,82,77,91,6,96,96,67,88,43,31,15,3,4,69,33
2020-02-03,5,11,66,93,40,77,97,70,72,61,97,29,78,41,15,73,82,86,92,74
2020-02-04,52,93,20,7,43,58,67,81,2,80,60,95,34,61,76,51,15,4,11,49
2020-02-05,63,57,71,3,13,76,78,70,74,96,94,64,31,1,63,43,14,21,93,6
2020-02-06,78,90,68,6,84,65,27,62,13,70,90,52,95,43,85,77,8,91,91,35
2020-02-07,79,22,3,20,48,5,16,95,49,82,20,8,78,34,45,99,31,47,63,8
2020-02-08,71,45,17,43,46,64,93,76,38,96,79,2,11,21,8,48,34,97,47,21
2020-02-09,97,51,7,8,67,49,62,84,68,86,74,67,13,48,43,54,39,62,39,55
2020-02-10,39,90,37,73,61,38,80,92,76,94,43,91,87,76,83,73,51,55,41,66
2020-02-11,32,73,50,35,14,25,64,36,3,32,36,23,28,70,74,95,11,31,7,61
2020-02-12,1,20,58,35,54,64,83,39,27,53,6,4,45,21,0,67,81,14,56,98
2020-02-13,26,73,16,93,0,29,97,67,21,79,89,48,15,25,94,16,31,14,10,52
2020-02-14,39,4,14,3,2,17,74,1,30,56,74,67,98,27,0,3,9,97,57,79
2020-02-15,98,84,40,87,43,11,54,91,78,40,85,46,68,33,19,31,87,98,26,16
2020-02-16,7,75,52,55,4,8,91,57,21,20,24,6,4,71,26,38,53,32,47,86
2020-02-17,24,79,26,18,7,68,41,77,13,60,1,23,60,5,37,56,72,70,14,7
2020-02-18,37,24,30,34,39,51,0,29,26,23,78,25,15,85,38,18,75,65,94,87
2020-02-19,69,16,48,11,54,91,0,87,53,15,85,53,44,49,14,11,66,88,69,84
2020-02-20,84,3,77,77,34,40,74,98,98,47,78,46,86,64,93,99,33,97,69,23
2020-02-21,0,68,22,23,55,3,41,79,2,62,15,86,39,81,72,87,51,48,3,53
2020-02-22,52,60,13,53,45,59,66,36,50,39,76,79,29,25,67,77,1,42,30,76
2020-02-23,14,77,66,84,99,47,69,70,84,51,10,97,5,96,25,49,95,67,58,32
2020-02-24,29,3,58,43,22,38,94,84,43,97,46,34,38,87,26,22,96,73,76,74
2020-02-25,68,9,75,24,13,98,2,3,30,84,97,11,39,73,64,23,32,59,3,75
2020-02-26,27,82,68,64,76,7,25,52,77,84,38,79,22,8,24,90,54,48,74,1
2020-02-27,11,9,12,45,28,78,83,92,19,50,4,23,61,42,69,83,5,93,4,98
2020-02-28,63,4,39,25,79,22,82,31,98,27,68,80,21,7,55,67,81,27,87,91
2020-02-29,77,0,8,99,73,62,90,3,75,65,84,77,48,7,90,76,35,98,31,37
2020-03-01,97,66,87,88,53,26,84,50,56,54,0,4,61,79,45,19,40,76,10,56
2020-03-02,70,41,60,88,21,13,6,72,90,69,97,70,28,25,66,67,52,52,41,34
2020-03-03,63,74,81,30,85,30,30,80,96,93,11,28,75,80,50,1,50,3,28,65
2020-03-04,13,71,62,42,37,91,55,88,41,59,95,12,26,91,42,27,99,10,61,78
2020-03-05,78,44,4,84,80,23,34,51,11,82,92,30,92,80,72,96,32,91,9,47
2020-03-06,55,12,73,47,45,58,13,20,18,95,77,52,65,64,26,8,55,26,87,23
2020-03-07,57,42,74,95,41,4,66,12,10,66,10,12,43,45,91,27,40,70,82,34
2020-03-08,63,62,30,11,68,26,31,57,16,24,44,87,77,31,30,98,65,68,5,10
2020-03-09,29,84,91,19,71,87,87,45,25,95,27,25,20,53,10,57,94,50,96,90
2020-03-10,79,60,88,55,20,92,50,90,39,33,76,63,43,87,51,1,69,6,48,19
2020-03-11,24,97,11,75,63,19,93,20,51,79,76,31,83,96,47,65,36,35,46,19
2020-03-12,68,16,0,43,7,56,52,13,24,2,59,29,71,62,37,2,32,32,33,95
2020-03-13,16,27,83,92,46,54,5,80,59,47,30,44,73,8,50,3,77,21,90,47
2020-03-14,45,36,51,33,35,19,34,81,24,82,86,66,3,56,83,36,28,32,42,7
2020-03-15,23,64,47,24,93,29,12,19,29,52,6,85,87,31,77,59,84,27,61,7
2020-03-16,0,87,29,44,23,87,38,17,60,20,26,67,95,75,12,31,79,27,74,47
2020-03-17,88,35,93,40,72,19,53,31,1,43,17,95,80,73,45,25,32,20,55,81
2020-03-18,18,0,12,46,1,40,11,10,71,99,19,22,29,78,50,57,54,93,3,15
2020-03-19,38,48,11,89,67,93,94,51,85,73,36,65,95,76,70,22,83,38,62,67
2020-03-20,51,16,69,24,26,12,61,11,34,88,45,89,49,17,75,35,96,26,82,49
2020-03-21,84,18,63,11,80,23,42,65,47,77,68,13,77,42,59,21,42,81,92,93
2020-03-22,70,7,44,19,69,16,97,19,5,84,20,2,54,96,26,40,23,55,32,59
2020-03-23,47,92,67,68,48,30,31,50,19,13,37,13,23,53,79,22,79,1,99,51
2020-03-24,47,65,47,40,37,97,86,50,83,14,52,45,32,91,83,90,63,37,75,10
2020-03-25,85,2,81,70,8,14,45,29,86,19,41,26,12,25,85,71,91,40,24,2
2020-03-26,49,3,0,60,16,55,57,72,38,70,36,9,30,0,46,74,78,23,10,18
2020-03-27,98,31,42,7,78,44,8,47,71,47,96,87,51,94,81,36,77,50,53,52
2020-03-28,80,91,31,64,62,88,44,19,20,5,10,30,10,87,36,36,75,30,71,82
2020-03-29,36,47,32,42,58,34,46,49,2,16,54,0,70,90,75,31,44,65,68,97
2020-03-30,49,24,36,92,63,86,72,96,50,94,88,84,93,52,74,55,77,76,75,42
2020-03-31,79,87,63,45,85,77,46,57,68,68,31,29,88,93,40,91,47,16,73,4
2020-04-01,11,94,51,26,48,57,63,34,38,54,62,92,39,87,99,33,2,60,90,5
2020-04-02,19,67,80,8,36,23,96,68,47,86,53,91,23,2,42,20,83,53,28,77
2020-04-03,52,50,18,99,65,85,75,50,0,66,10,96,24,36,55,50,65,78,75,90
2020-04-04,46,53,87,28,24,0,73,68,27,12,4,48,19,79,95,77,85,99,74,56
2020-04-05,81,56,43,3,64,89,69,40,61,81,76,49,36,39,90,16,86,19,98,44
2020-04-06,73,72,77,78,3,27,22,69,68,29,79,31,34,39,74,1,90,69,58,23
2020-04-07,78,87,50,29,38,41,30,71,34,82,46,62,94,44,17,54,49,78,86,71
2020-04-08,97,26,23,29,67,23,8,97,31,22,35,15,3,30,33,81,43,73,73,78
2020-04-09,91,49,10,3,18,82,57,14,13,89,52,17,89,72,47,46,67,33,99,78
2020-04-10,64,68,99,1,2,78,20,68,50,31,23,77,17,15,44,11,64,99,74,60
2020-04-11,39,98,87,82,23,12,17,25,8,88,18,22,88,95,22,29,80,97,64,44
2020-04-12,67,78,11,43,85,70,15,75,66,26,34,31,99,18,82,53,88,98,96,85
2020-04-13,41,27,31,65,34,43,7,77,11,33,59,53,89,65,78,30,13,74,15,83
2020-04-14,94,28,76,43,29,43,64,98,30,70,33,25,63,76,71,94,10,54,29,81
2020-04-15,6,17,77,35,68,99,45,53,97,74,19,80,51,78,59,22,81,0,88,81
2020-04-16,97,3,43,16,37,35,59,43,96,27,41,70,27,72,70,71,67,81,99,5
2020-04-17,49,81,0,54,65,19,40,78,6,13,81,80,59,41,10,81,24,91,77,8
2020-04-18,63,92,87,61,17,68,66,58,26,90,50,29,25,28,46,23,51,19,27,11
2020-04-19,35,40,40,72,48,69,3,43,8,46,61,79,55,37,26,95,19,4,12,99
2020-04-20,90,32,0,76,30,2,45,42,36,65,72,55,1,2,88,18,39,10,22,48
2020-04-21,23,65,36,78,60,25,80,93,12,66,63,66,3,2,29,8,36,87,35,39
2020-04-22,26,42,79,83,42,39,19,97,31,34,42,8,32,93,7,24,21,23,95,70
2020-04-23,91,85,62,55,50,68,70,59,44,67,15,55,51,53,51,75,75,32,35,1
2020-04-24,11,26,76,79,24,86,37,79,46,71,35,7,25,69,91,62,76,1,76,83
2020-04-25,41,49,5,17,5,73,79,10,92,83,57,97,88,22,95,44,15,20,68,98
2020-04-26,44,57,30,84,11,58,58,0,94,97,46,72,84,11,8,68,55,67,57,72
2020-04-27,15,21,23,41,75,83,40,60,29,47,94,26,78,4,34,65,77,59,86,82
2020-04-28,61,34,36,61,65,39,39,17,0,46,83,76,99,66,23,67,82,64,48,61
2020-04-29,2,26,15,41,89,18,7,77,86,53,37,43,65,83,18,90,65,73,8,91
2020-04-30,52,36,39,29,16,3,26,49,66,73,59,11,43,66,74,32,92,79,85,66
2020-05-01,41,93,90,82,89,91,74,20,53,61,77,49,51,99,45,13,70,36,24,62
2020-05-02,95,31,37,46,68,39,42,70,98,31,58,79,21,81,35,11,2,3,79,67
2020-05-03,79,75,38,93,87,34,77,81,48,12,33,98,71,77,91,20,96,51,74,31
2020-05-04,32,35,34,6,30,64,90,4,1,59,69,60,97,22,48,91,61,57,93,33
2020-05-05,15,12,82,85,23,45,58,13,84,41,86,76,29,71,74,31,25,82,67,73
2020-05-06,31,72,71,33,27,43,73,19,87,25,83,15,73,56,66,97,5,14,7,51
2020-05-07,80,5,77,43,94,38,98,55,98,63,34,80,48,30,47,87,73,17,83,43
2020-05-08,8,14,6,67,25,9,36,86,62,48,73,7,88,17,2,36,5,16,73,40
2020-05-09,0,64,70,90,15,85,70,56,26,45,19,71,70,19,25,90,47,55,95,20
2020-05-10,62,77,31,30,89,9,15,41,79,45,27,42,44,72,86,32,70,70,76,57
2020-05-11,1,65,61,61,28,9,18,21,17,24,6,26,99,51,34,72,46,2,54,30
2020-05-12,57,17,48,19,29,68,22,41,7,68,53,81,53,99,24,74,43,37,73,95
2020-05-13,75,33,50,21,62,40,22,2,92,7,32,19,49,19,73,22,18,21,29,64
2020-05-14,20,69,43,19,24,52,37,51,81,4,39,41,25,44,56,58,66,7,46,75
2020-05-15,45,65,59,46,7,63,53,0,20,6,57,1,84,94,97,22,49,89,68,29
2020-05-16,83,57,72,96,99,50,15,61,64,57,42,58,53,94,83,39,57,56,51,5
2020-05-17,71,73,48,90,98,81,92,48,91,93,62,15,15,47,73,50,79,76,20,13
2020-05-18,70,32,93,86,45,58,84,87,55,97,52,4,56,77,98,10,44,58,88,71
2020-05-19,23,85,66,89,83,12,96,45,98,18,79,30,4,99,30,8,86,43,57,98
2020-05-20,48,6,69,71,19,54,36,4,31,90,30,22,94,38,94,88,47,38,13,19
2020-05-21,23,47,37,80,29,42,12,27,78,70,40,57,45,89,39,72,21,43,52,10
2020-05-22,58,57,15,99,9,89,49,22,11,69,75,67,41,17,78,87,39,84,63,52
2020-05-23,61,10,12,72,96,50,5,6,46,65,15,3,72,14,43,73,12,44,11,34
2020-05-24,91,68,2,13,29,89,74,61,15,92,80,23,40,42,58,37,21,66,67,44
2020-05-25,48,5,45,80,59,92,71,77,45,17,91,65,90,61,45,13,39,59,93,82
2020-05-26,51,44,3,35,98,74,52,86,2,95,69,1,70,8,63,30,21,62,43,6
2020-05-27,82,26,61,60,5,99,44,20,43,60,0,30,53,69,31,40,22,29,68,33
2020-05-28,27,29,61,56,40,63,64,1,33,24,82,27,31,53,54,81,38,28,60,72
2020-05-29,99,61,49,13,98,68,16,45,56,21,73,65,23,98,94,26,44,89,40,95
2020-05-30,20,72,59,34,71,2,23,26,11,3,35,21,13,15,82,9,72,5,4,44
2020-05-31,38,54,70,30,19,82,16,79,58,28,31,37,59,97,31,94,20,11,53,97
2020-06-01,48,79,47,85,81,68,61,51,95,55,33,88,66,55,68,34,42,19,85,66
2020-06-02,82,31,99,35,35,96,65,93,62,24,39,85,48,70,16,39,83,94,32,17
2020-06-03,2,12,83,45,29,77,79,36,90,46,26,89,15,99,61,91,17,38,87,83
2020-06-04,87,28,61,38,32,52,71,51,23,80,97,36,84,86,26,70,93,73,3,60
2020-06-05,77,61,2,12,80,48,95,41,82,3,84,85,36,30,90,77,59,43,91,74
2020-06-06,41,49,9,81,84,35,30,25,17,94,75,43,11,13,70,20,34,95,58,80
2020-06-07,10,33,89,81,72,58,26,58,5,20,51,0,23,15,34,85,94,16,23,84
2020-06-08,17,74,8,64,26,74,51,17,40,51,99,48,15,55,22,87,83,12,58,69
2020-06-09,25,62,46,48,55,57,70,45,72,48,66,26,54,46,30,6,51,0,38,37
2020-06-10,63,98,85,97,95,7,28,29,7,84,89,60,89,71,44,14,95,69,35,12
2020-06-11,79,80,54,99,38,94,63,73,91,83,28,86,53,4,67,49,53,41,6,18
2020-06-12,75,23,62,54,22,28,38,88,94,38,4,60,41,49,44,65,30,89,42,34
2020-06-13,92,35,8,15,71,56,53,8,16,39,44,37,50,73,63,61,55,20,60,15
2020-06-14,71,45,58,86,37,9,89,36,40,29,42,52,84,72,51,76,84,5,59,4
2020-06-15,30,76,79,88,49,8,12,24,37,52,64,16,18,17,75,30,16,43,24,36
2020-06-16,82,33,17,23,3,90,69,46,56,25,40,31,82,74,28,76,9,20,10,23
2020-06-17,22,90,32,35,9,6,21,13,34,18,17,64,94,1,70,65,58,69,50,92
2020-06-18,15,47,65,90,48,97,65,69,81,73,52,77,3,93,82,63,6,29,25,25
2020-06-19,67,87,68,38,96,86,68,39,68,40,15,61,69,34,92,85,58,6,1,63
2020-06-20,81,50,2,14,21,62,48,10,50,86,43,14,57,92,11,15,56,33,89,71
2020-06-21,14,87,64,49,25,64,89,3,37,93,38,3,10,69,70,11,21,56,68,15
2020-06-22,45,56,4,22,91,87,32,86,63,98,96,61,46,14,53,39,64,8,83,96
2020-06-23,20,63,80,55,93,51,27,47,48,25,78,61,37,42,37,44,52,33,81,92
2020-06-24,52,71,93,19,18,7,44,33,56,45,19,39,2,53,27,11,6,71,24,65
2020-06-25,81,49,13,61,7,81,76,40,26,70,56,14,75,33,89,82,27,25,39,80
2020-06-26,13,31,65,3,5,76,52,55,24,53,54,41,96,4,41,85,20,93,42,15
2020-06-27,9,32,91,93,56,11,45,41,23,7,38,37,70,39,1,2,68,66,16,86
2020-06-28,66,15,28,97,40,23,52,20,79,79,80,61,69,32,87,14,25,99,96,50
2020-06-29,49,11,65,3,31,41,89,96,97,79,28,4,42,29,65,37,89,37,37,75
2020-06-30,59,25,67,56,10,46,91,21,41,27,53,97,30,83,83,25,77,98,95,60
2020-07-01,15,11,26,60,38,69,78,18,90,6,26,81,18,22,97,91,81,17,25,23
2020-07-02,18,97,16,74,5,54,7,6,23,92,63,65,29,72,68,46,68,86,96,99
2020-07-03,48,3,22,19,30,36,66,52,64,97,4,1,66,54,48,85,15,57,93,44
2020-07-04,57,6,34,4,57,59,95,63,0,83,32,71,26,76,92,7,54,54,28,34
2020-07-05,67,29,3,76,62,25,96,89,96,51,23,17,94,89,74,51,38,70,0,52
2020-07-06,67,75,45,74,9,23,14,33,34,37,46,43,49,75,14,35,0,2,60,87
2020-07-07,30,40,20,14,88,57,70,88,58,18,71,74,41,61,48,33,67,24,32,40
2020-07-08,61,85,61,72,29,58,10,46,68,17,90,41,67,46,73,58,12,92,66,47
2020-07-09,67,26,76,41,80,27,79,90,98,77,70,51,10,55,56,6,69,14,59,47
2020-07-10,87,23,17,55,46,16,61,90,74,20,23,55,67,97,10,54,98,11,97,46
2020-07-11,71,42,84,90,16,74,2,27,55,60,36,27,17,23,13,26,82,28,90,24
2020-07-12,49,16,1,62,33,34,40,77,39,8,27,57,99,14,32,48,94,10,79,72
2020-07-13,30,77,57,17,28,32,32,74,66,81,51,35,6,79,7,30,66,76,6,60
2020-07-14,13,75,72,74,6,55,24,49,98,9,59,16,51,52,45,63,97,80,95,18
2020-07-15,99,30,3,43,24,76,8,54,28,20,87,51,32,74,85,44,18,99,35,20
2020-07-16,10,12,94,94,50,69,83,55,66,96,17,13,75,70,18,30,68,49,89,83
2020-07-17,48,66,64,9,42,43,89,88,5,84,61,1,38,88,35,67,56,58,48,48
2020-07-18,90,41,19,41,73,47,73,23,58,86,52,63,67,73,35,62,41,39,47,40
2020-07-19,2,74,58,13,26,61,51,72,48,84,7,61,37,30,94,86,18,5,86,16
2020-07-20,92,27,41,4,53,18,43,91,25,63,20,60,28,68,77,88,91,24,12,4
2020-07-21,72,18,80,96,14,28,52,43,42,21,88,68,15,0,76,1,88,52,93,77
2020-07-22,89,74,57,17,72,59,45,55,23,40,12,40,46,85,52,90,96,4,59,29
2020-07-23,85,49,7,21,67,7,37,87,2,69,67,32,11,10,96,67,37,83,10,12
2020-07-24,19,76,40,64,23,77,80,41,20,63,25,14,61,51,78,29,22,64,70,41
2020-07-25,44,12,46,96,11,56,1,32,76,56,8,45,7,37,76,25,45,50,85,12
2020-07-26,55,3,9,22,71,4,94,42,83,22,33,72,37,50,80,65,83,8,60,60
2020-07-27,60,58,72,84,22,10,7,15,65,41,34,90,90,53,45,27,45,41,0,75
2020-07-28,43,22,66,44,31,23,5,50,37,4,81,80,49,83,48,16,51,31,45,97
2020-07-29,35,21,12,88,1,90,6,75,29,24,17,13,6,15,58,56,28,67,76,98
2020-07-30,43,37,97,94,92,60,61,92,47,21,98,84,5,11,88,30,69,11,17,74
2020-07-31,97,50,4,23,21,93,41,94,85,45,2,97,1,85,41,30,40,35,68,57
2020-08-01,25,52,40,92,89,61,96,37,8,4,83,38,86,45,1,52,59,45,83,64
2020-08-02,36,71,31,83,28,66,41,10,62,38,63,53,4,20,70,46,46,0,30,66
2020-08-03,88,57,54,47,67,79,22,71,24,3,7,4,28,12,8,14,3,34,82,55
2020-08-04,6,37,42,17,37,33,49,69,47,7,5,88,69,65,91,54,7,71,16,66
2020-08-05,40,2,5,39,59,17,10,37,80,78,68,42,44,22,13,1,86,49,0,52
2020-08-06,25,42,67,80,70,89,23,66,88,30,79,94,64,16,26,67,86,2,32,23
2020-08-07,42,76,50,51,60,51,68,10,2,82,47,29,45,65,12,52,11,85,56,81
2020-08-08,72,81,34,13,89,88,88,98,59,51,79,11,78,81,57,38,65,91,15,31
2020-08-09,67,83,65,59,8,43,89,36,38,35,36,40,77,45,60,44,87,17,12,40
2020-08-10,97,69,61,39,29,95,42,71,81,65,23,28,2,96,83,40,89,15,4,13
2020-08-11,88,16,6,18,41,49,23,80,95,29,93,81,88,5,83,58,3,75,24,79
2020-08-12,62,49,2,88,14,82,68,6,54,96,92,14,17,15,75,16,6,39,96,30
2020-08-13,72,14,62,58,90,71,12,40,0,24,97,45,86,2,88,88,65,11,87,89
2020-08-14,20,94,88,20,39,33,49,88,87,17,55,53,45,71,64,27,34,88,32,44
2020-08-15,97,85,69,30,62,64,41,3,36,50,95,72,10,30,52,45,0,93,90,92
2020-08-16,42,83,70,51,7,16,23,89,66,98,56,8,47,11,90,27,19,51,80,51
2020-08-17,3,74,3,60,61,20,44,0,28,61,28,4,67,74,86,87,49,40,58,79
2020-08-18,47,99,63,30,79,15,93,34,68,62,9,72,31,38,9,81,86,13,81,89
2020-08-19,9,99,0,84,55,95,33,36,84,71,60,64,68,4,11,18,17,84,39,48
2020-08-20,8,87,1,8,81,13,79,35,77,5,34,48,62,83,24,65,15,79,93,4
2020-08-21,7,78,88,64,46,76,29,99,84,88,85,93,6,90,24,35,37,23,43,50
2020-08-22,14,35,34,67,58,71,78,66,24,50,46,7,89,9,97,3,72,28,90,82
2020-08-23,2,2,60,14,1,96,63,1,49,15,80,2,37,23,98,7,71,47,81,21
2020-08-24,85,95,21,24,96,43,83,84,31,17,36,59,49,73,54,80,10,43,1,12
2020-08-25,33,90,38,27,67,70,48,28,30,18,36,16,64,89,25,24,89,56,72,88
2020-08-26,66,74,38,93,70,7,59,9,52,8,62,45,55,64,25,31,48,56,92,35
2020-08-27,59,92,71,32,41,87,43,25,52,18,58,99,96,61,88,81,95,87,89,22
2020-08-28,15,4,65,93,99,85,83,51,45,64,2,79,65,17,63,59,78,83,25,81
2020-08-29,18,39,49,80,90,1,73,87,95,26,17,49,90,31,50,99,45,62,99,36
2020-08-30,27,28,61,16,16,26,54,84,52,78,95,74,64,0,44,26,51,95,32,16
2020-08-31,82,99,78,13,55,40,63,66,80,24,96,21,12,82,46,49,31,4,19,76
2020-09-01,22,99,78,84,87,71,46,91,42,9,59,10,65,99,67,21,13,35,14,56
2020-09-02,78,65,61,43,17,63,41,30,65,37,16,48,28,73,4,85,46,1,13,94
2020-09-03,53,76,88,32,54,65,84,42,95,60,87,8,46,17,91,23,71,6,20,31
2020-09-04,78,25,81,78,99,67,63,60,10,51,85,2,12,60,84,30,87,33,46,95
2020-09-05,41,59,93,26,9,95,55,96,86,59,47,48,16,45,82,98,96,96,1,51
2020-09-06,20,61,94,87,86,36,50,28,55,30,80,46,70,87,29,62,84,95,16,68
2020-09-07,43,28,15,58,33,66,28,0,76,16,25,23,34,48,81,65,14,18,84,24
2020-09-08,21,0,77,73,34,0,78,9,46,84,24,37,66,67,46,43,41,48,34,25
2020-09-09,31,47,38,58,63,99,61,73,9,76,50,86,97,23,92,67,73,47,35,80
2020-09-10,2,54,7,25,72,75,88,71,67,94,53,65,86,76,76,53,52,64,70,54
2020-09-11,18,24,49,20,42,14,14,84,54,78,1,28,1,0,3,52,9,79,51,24
2020-09-12,83,50,35,56,67,55,93,35,40,85,63,96,79,51,63,40,12,40,28,67
2020-09-13,66,93,7,46,39,52,11,49,65,31,65,26,36,90,2,27,93,14,39,45
2020-09-14,65,61,62,94,39,48,96,12,94,94,95,6,57,83,31,59,25,12,85,98
2020-09-15,6,12,58,8,63,71,41,75,11,30,80,8,28,62,24,48,83,26,43,1
2020-09-16,70,35,86,8,78,81,77,73,23,41,38,24,49,69,47,97,70,44,40,58
2020-09-17,43,22,52,67,35,28,21,36,24,76,63,28,99,64,14,82,75,50,23,81
2020-09-18,12,41,81,80,62,0,33,85,72,81,6,94,22,33,84,40,64,55,86,15
2020-09-19,9,63,84,92,39,73,39,31,2,25,17,26,28,85,20,81,85,46,72,31
2020-09-20,1,70,60,46,89,72,42,5,87,98,63,76,50,23,91,68,54,68,51,5
2020-09-21,66,0,22,15,34,90,7,35,75,86,73,96,69,74,42,30,46,76,65,77
2020-09-22,62,73,15,32,56,1,91,23,8,66,19,56,24,16,73,38,57,21,55,42
2020-09-23,5,72,55,92,80,57,4,75,54,83,57,0,81,79,9,68,52,58,88,24
2020-09-24,1,20,91,21,67,78,81,1,0,98,52,6,2,81,90,52,37,70,2,89
2020-09-25,25,19,31,6,38,71,49,66,21,39,51,57,18,80,9,9,24,65,7,0
2020-09-26,47,34,15,65,64,12,22,36,99,76,33,96,45,38,94,73,54,60,97,15
2020-09-27,34,42,98,8,11,43,16,68,36,84,74,47,84,10,58,60,24,4,53,51
2020-09-28,65,21,17,97,11,99,71,62,33,86,91,72,70,49,7,99,1,49,36,77
2020-09-29,73,62,7,23,9,97,12,96,11,86,57,83,63,76,73,26,93,64,20,30
2020-09-30,53,88,79,30,68,0,33,83,15,35,0,2,14,10,48,90,8,86,66,16
2020-10-01,28,19,78,72,30,5,16,62,9,53,61,68,12,45,46,83,46,40,12,69
2020-10-02,61,71,65,87,87,30,18,92,71,97,49,96,12,59,49,0,19,15,6,94
2020-10-03,96,89,98,83,93,19,25,86,47,71,56,30,28,74,53,35,61,41,47,67
2020-10-04,45,94,48,96,84,89,76,60,53,55,20,21,3,74,12,58,13,6,53,87
2020-10-05,35,91,1,46,14,31,2,3,71,65,20,90,68,33,40,29,83,49,13,20
2020-10-06,29,40,59,96,26,32,2,37,67,96,74,11,89,83,18,93,71,78,45,20
2020-10-07,79,47,96,15,35,73,57,43,70,73,57,31,61,54,79,65,49,1,16,33
2020-10-08,60,79,95,59,72,62,43,60,40,45,91,56,10,52,95,10,97,98,56,33
2020-10-09,0,1,38,78,94,15,48,50,38,53,92,43,13,66,3,94,93,9,55,79
2020-10-10,46,47,97,23,52,11,30,85,71,61,11,85,29,53,23,52,56,34,50,40
2020-10-11,69,54,87,4,2,18,11,52,20,1,28,50,71,43,96,19,51,25,80,18
2020-10-12,96,71,55,53,36,2,91,79,13,12,30,76,50,65,0,92,16,31,94,73
2020-10-13,51,86,6,7,15,26,70,53,42,78,31,8,39,76,47,97,85,79,77,58
2020-10-14,90,58,37,19,81,37,79,98,39,34,17,47,65,31,48,53,27,2,21,80
2020-10-15,27,1,42,68,75,41,57,74,88,63,69,9,42,88,16,30,67,90,5,87
2020-10-16,22,86,88,77,92,96,92,51,46,10,21,65,12,94,22,8,23,4,16,58
2020-10-17,28,80,40,71,70,13,5,84,70,17,67,32,5,22,75,39,54,13,9,23
2020-10-18,47,84,76,16,7,22,85,51,80,36,59,59,62,47,23,42,97,27,72,94
2020-10-19,56,48,12,75,91,98,20,92,37,61,22,24,61,48,96,26,87,46,13,23
2020-10-20,75,82,3,41,49,61,65,83,27,11,18,93,54,21,78,58,36,1,78,71
2020-10-21,26,26,27,67,29,31,37,98,46,37,47,71,88,99,48,46,33,77,65,36
2020-10-22,51,20,69,25,34,6,21,19,73,69,53,38,88,88,60,65,79,72,22,50
2020-10-23,15,80,65,97,13,51,72,86,85,20,98,98,96,61,83,7,25,9,50,96
2020-10-24,64,46,79,55,45,62,51,64,80,46,41,55,90,42,84,61,1,47,21,15
2020-10-25,23,71,62,53,49,38,88,93,76,28,91,81,12,34,32,73,52,26,23,45
2020-10-26,66,50,26,61,99,17,52,37,21,87,95,35,34,9,61,2,49,15,67,92
2020-10-27,8,77,83,17,92,62,53,67,28,2,44,74,91,43,26,13,93,23,91,18
2020-10-28,1,22,49,34,90,54,11,62,38,67,78,98,57,36,43,40,45,3,24,98
2020-10-29,92,4,97,79,0,91,96,62,78,33,57,73,56,30,64,83,83,13,44,3
2020-10-30,63,24,93,61,40,73,20,9,8,58,88,22,76,3,35,65,82,94,63,46
2020-10-31,6,27,92,58,34,24,11,75,41,93,45,81,13,15,27,19,97,80,34,51
2020-11-01,53,60,10,34,8,91,40,72,92,30,8,33,67,49,7,7,69,73,10,79
2020-11-02,34,6,33,73,65,48,27,41,38,39,48,45,10,29,12,60,42,67,8,34
2020-11-03,18,9,77,13,17,36,29,91,98,42,20,49,49,46,2,12,14,35,58,87
2020-11-04,22,77,22,3,64,21,91,93,10,19,21,91,7,75,28,58,17,80,67,2
2020-11-05,23,46,53,82,38,92,19,85,90,62,96,41,69,1,27,56,87,95,57,85
2020-11-06,79,77,11,47,48,78,58,81,95,55,79,56,62,47,95,81,75,32,48,86
2020-11-07,93,99,73,73,9,75,34,86,1,93,48,12,60,69,77,70,55,8,86,98
2020-11-08,77,3,75,26,96,6,9,18,75,65,72,35,87,44,13,76,52,59,38,71
2020-11-09,3,49,42,74,26,23,31,48,20,68,33,42,55,37,70,65,75,52,36,20
2020-11-10,43,87,12,21,66,57,91,2,87,72,77,37,30,1,78,16,22,27,86,28
2020-11-11,42,74,89,79,53,0,15,25,41,36,51,41,72,5,99,84,33,39,96,93
2020-11-12,39,5,98,65,69,27,81,55,47,74,37,42,65,63,97,56,32,28,53,11
2020-11-13,58,39,35,19,49,3,60,28,90,52,78,85,87,87,22,30,70,53,60,67
2020-11-14,11,16,63,62,81,69,20,7,39,37,76,67,87,50,28,50,21,6,49,41
2020-11-15,3,72,64,7,71,8,51,62,49,74,38,21,48,34,15,47,20,47,59,78
2020-11-16,85,66,89,55,71,77,82,75,90,47,95,40,7,18,55,1,15,37,62,16
2020-11-17,57,66,76,66,25,99,88,37,2,52,86,82,89,96,71,16,3,15,20,6
2020-11-18,45,78,0,80,92,15,2,47,86,73,3,67,81,27,65,49,20,90,22,84
2020-11-19,70,22,71,2,23,28,88,91,27,47,98,66,6,39,42,30,51,73,69,35
2020-11-20,73,53,76,11,40,39,35,69,55,38,53,70,67,76,85,73,18,84,33,66
2020-11-21,99,29,27,18,98,42,78,4,18,6,81,10,92,66,90,40,52,2,46,59
2020-11-22,10,98,0,26,61,49,23,98,18,56,11,5,48,80,53,29,1,94,21,57
2020-11-23,1,9,17,11,53,39,80,11,43,42,23,9,1,1,39,5,39,43,44,19
2020-11-24,49,39,98,4,5,82,26,18,87,53,61,0,26,25,76,38,57,93,98,12
2020-11-25,55,69,78,92,72,68,5,54,59,69,58,40,48,96,32,78,60,44,41,53
2020-11-26,79,12,91,77,34,1,10,14,10,10,96,65,82,56,61,88,26,69,89,93
2020-11-27,44,85,50,25,25,45,25,2,10,84,88,87,55,93,49,46,47,25,61,44
2020-11-28,97,17,7,35,21,99,55,35,64,45,20,39,28,63,81,26,62,70,37,48
2020-11-29,35,37,44,29,48,75,39,94,21,44,60,54,94,32,37,59,59,78,79,1
2020-11-30,76,71,58,31,90,73,25,30,71,91,49,87,38,39,68,5,13,72,24,17
2020-12-01,8,22,25,34,93,64,69,13,19,89,63,80,35,57,50,20,82,33,46,13
2020-12-02,63,79,41,97,25,87,72,92,74,49,41,82,84,58,70,46,21,4,65,66
2020-12-03,66,56,34,24,6,14,62,76,90,8,81,59,30,72,98,37,62,26,20,14
2020-12-04,3,72,14,67,86,84,29,12,44,18,37,56,64,21,22,86,94,64,55,65
2020-12-05,12,89,20,66,22,70,75,74,42,60,59,72,49,50,68,17,65,14,72,38
2020-12-06,83,8,46,16,86,12,48,10,79,28,59,17,35,11,55,0,99,41,62,28
2020-12-07,25,84,75,64,75,17,93,45,86,73,28,56,96,3,42,62,33,31,74,91
2020-12-08,53,94,10,22,8,43,62,20,44,68,63,62,60,98,71,90,95,85,9,52
2020-12-09,38,9,56,21,58,81,39,94,76,80,11,94,3,84,2,16,31,73,89,66
2020-12-10,72,28,97,40,91,77,36,34,67,94,67,85,96,33,53,60,21,79,26,70
2020-12-11,52,83,51,58,18,80,40,57,84,47,27,26,56,29,33,23,44,46,52,59
2020-12-12,58,36,90,51,83,55,37,73,17,96,57,10,42,71,6,26,92,35,15,9
2020-12-13,61,55,64,95,6,19,23,42,12,40,81,16,91,91,51,86,71,35,56,11
2020-12-14,49,82,58,38,66,97,6,33,15,95,54,12,61,50,5,86,70,0,95,15
2020-12-15,0,42,14,57,31,18,98,33,41,29,83,19,12,88,18,85,57,82,7,96
2020-12-16,29,5,76,17,35,59,6,20,48,42,55,72,35,40,27,33,5,58,17,71
2020-12-17,4,5,28,43,69,69,97,35,5,86,73,6,8,47,34,59,21,95,51,75
2020-12-18,12,61,86,2,53,24,47,81,69,75,21,83,61,6,86,5,2,83,1,8
2020-12-19,1,88,4,37,21,34,29,88,76,88,72,33,18,52,35,64,3,71,29,46
2020-12-20,97,21,11,20,35,53,98,86,71,72,28,92,53,16,95,50,15,73,23,18
2020-12-21,26,57,29,4,38,23,51,45,7,24,28,48,82,21,15,0,60,32,67,69
2020-12-22,4,41,96,27,52,53,26,77,0,22,59,91,0,60,0,62,41,43,96,68
2020-12-23,19,99,25,68,68,84,39,69,62,43,91,25,22,63,19,82,33,42,68,88
2020-12-24,68,9,33,75,90,63,59,37,47,43,5,2,61,50,24,89,20,70,78,84
2020-12-25,83,79,45,62,85,42,67,15,56,14,66,37,22,36,70,90,1,16,70,56
2020-12-26,31,65,86,25,48,2,94,80,50,99,22,74,76,83,68,19,9,18,85,40
2020-12-27,54,2,49,40,53,37,7,4,94,60,64,91,55,61,52,17,31,88,44,20
2020-12-28,82,8,63,70,30,16,44,75,88,81,10,22,61,70,0,14,9,34,68,94
2020-12-29,8,50,37,39,6,28,25,71,64,63,51,34,24,1,14,21,97,97,76,61
2020-12-30,66,60,64,21,97,75,23,51,78,91,38,48,30,37,22,2,41,47,77,52
2020-12-31,32,46,79,48,55,17,0,92,26,34,11,51,73,68,85,28,31,96,45,83
2021-01-01,61,18,95,32,64,25,57,54,26,98,14,44,3,68,46,56,69,76,96,86
2021-01-02,32,72,7,13,45,45,50,47,64,95,17,35,7,19,98,3,21,42,29,54
2021-01-03,99,70,40,68,87,22,71,61,73,8,73,78,68,19,16,73,64,98,45,22
2021-01-04,76,74,52,74,31,21,12,29,65,25,88,24,68,52,21,55,95,94,29,53
2021-01-05,15,46,32,92,63,18,99,69,13,79,55,40,19,27,16,80,27,46,96,99
2021-01-06,79,79,94,79,45,6,20,44,26,32,5,55,35,25,61,27,47,24,68,85
2021-01-07,8,81,85,96,82,55,7,7,19,44,95,17,53,99,1,4,26,22,49,42
2021-01-08,58,14,68,21,45,3,79,62,20,60,43,82,98,12,49,25,74,3,54,85
2021-01-09,38,83,14,91,79,39,13,52,67,12,93,76,95,29,43,24,27,14,12,67
2021-01-10,15,13,53,70,77,58,20,57,62,25,14,92,9,27,23,89,50,95,82,75
2021-01-11,17,34,82,98,87,94,64,48,51,45,15,30,9,8,31,66,61,55,74,42
2021-01-12,44,51,6,58,75,26,85,26,51,87,73,57,62,10,69,61,8,12,97,17
2021-01-13,89,27,39,55,62,49,34,49,70,39,54,37,32,29,22,76,98,2,19,96
2021-01-14,34,38,66,35,49,90,56,66,21,26,89,91,80,12,81,1,59,67,42,47
2021-01-15,74,89,18,13,62,23,19,20,19,47,96,82,54,8,67,45,77,49,66,20
2021-01-16,83,77,37,96,16,2,76,60,11,15,13,16,46,5,51,60,72,94,8,3
2021-01-17,13,33,52,0,69,95,24,0,75,77,4,61,24,63,72,22,26,61,58,88
2021-01-18,51,79,73,66,19,27,56,6,4,4,92,68,83,96,70,51,47,74,86,82
2021-01-19,49,77,47,38,29,5,20,73,17,90,7,5,48,22,10,5,52,25,55,14
2021-01-20,2,2,11,79,44,62,87,21,87,74,72,87,12,54,48,66,23,12,97,46
2021-01-21,23,12,59,14,18,95,2,18,67,21,18,55,69,43,78,81,62,57,81,1
2021-01-22,51,12,22,94,0,30,15,57,84,39,83,44,90,84,17,88,19,49,19,38
2021-01-23,98,76,55,93,35,17,82,1,80,2,28,35,31,24,10,0,77,45,16,8
2021-01-24,27,35,46,10,97,26,44,70,31,8,37,55,84,36,88,54,71,3,89,21
2021-01-25,32,52,95,34,22,96,80,66,40,42,95,6,75,60,96,55,28,77,98,90
2021-01-26,29,34,75,59,1,14,8,17,30,96,67,5,60,43,75,88,6,97,5,73
2021-01-27,90,75,15,20,4,13,6,5,56,7,42,70,1,63,75,53,47,73,52,50
2021-01-28,80,83,36,41,80,54,68,7,9,53,81,31,96,76,78,83,25,33,11,38
2021-01-29,3,75,80,21,48,67,74,96,20,24,85,9,78,13,46,59,76,11,82,85
2021-01-30,79,93,87,76,57,80,97,63,24,24,79,98,21,97,26,41,90,96,56,95
2021-01-31,84,86,86,38,3,16,7,24,5,27,58,14,31,22,9,67,89,71,68,98
2021-02-01,73,4,21,63,63,83,15,98,51,92,52,18,35,22,26,89,37,18,36,61
2021-02-02,20,5,87,23,93,4,65,66,15,66,38,38,87,95,17,68,15,3,14,63
2021-02-03,72,50,95,76,16,20,59,33,0,2,40,52,65,76,96,83,35,53,21,96
2021-02-04,53,24,72,48,99,7,33,94,46,31,60,66,9,25,30,24,38,33,73,59
2021-02-05,42,20,42,18,95,17,85,61,81,88,80,58,26,66,0,37,85,58,26,89
2021-02-06,1,88,75,14,6,95,6,97,42,35,65,49,39,64,35,3,82,51,68,57
2021-02-07,61,21,93,44,92,80,72,46,2,31,66,33,9,51,15,30,50,11,11,21
2021-02-08,59,93,23,71,18,63,13,84,74,68,1,83,15,53,77,63,81,70,75,29
2021-02-09,37,50,58,69,55,71,15,39,91,21,14,74,19,45,71,48,90,87,50,96
2021-02-10,29,23,67,57,25,37,23,23,36,92,83,51,47,3,46,62,77,35,91,84
2021-02-11,8,90,22,92,63,41,43,56,84,83,41,84,47,41,24,82,62,43,66,86
2021-02-12,19,39,38,7,33,76,25,81,95,22,40,13,69,48,58,77,77,51,88,93
2021-02-13,63,3,77,89,55,70,35,50,79,87,11,1,37,39,77,0,76,53,69,50
2021-02-14,79,43,34,63,44,30,91,72,19,74,25,43,21,11,39,55,30,7,24,24
2021-02-15,59,28,53,47,26,74,66,68,43,31,59,95,43,66,44,93,26,45,49,72
2021-02-16,72,73,73,46,15,87,32,11,12,49,42,66,61,10,29,89,76,87,2,91
2021-02-17,86,45,67,27,65,79,48,2,41,72,70,48,98,11,15,25,80,76,77,87
2021-02-18,44,31,60,40,52,14,39,47,8,99,3,91,8,85,54,19,23,35,79,14
2021-02-19,24,69,61,42,6,55,22,61,27,98,59,57,83,99,77,59,86,18,76,67
2021-02-20,56,86,70,71,90,69,25,18,51,23,69,84,29,91,74,98,19,46,64,76
2021-02-21,91,89,23,42,71,13,95,74,82,90,17,42,65,82,73,12,64,29,40,99
2021-02-22,15,10,40,86,16,7,41,63,15,80,84,52,3,51,21,44,75,5,0,13
2021-02-23,4,26,40,77,3,35,92,57,82,48,9,18,75,86,46,49,45,1,9,99
2021-02-24,4,34,69,42,98,3,87,13,20,52,87,41,29,40,9,83,91,67,44,61
2021-02-25,55,5,39,65,84,35,81,75,92,98,4,43,77,82,8,60,89,22,34,39
2021-02-26,39,56,6,77,12,81,1,78,35,65,17,53,29,0,72,13,93,54,0,94
2021-02-27,13,83,32,56,83,5,68,14,71,16,2,15,62,98,97,74,82,87,52,22
2021-02-28,66,14,83,41,26,84,11,97,95,60,71,3,43,88,1,29,35,67,70,6
2021-03-01,21,82,19,28,16,75,2,30,53,0,95,86,64,43,15,55,23,63,14,71
2021-03-02,32,50,16,25,45,45,99,33,8,52,32,87,21,85,66,18,40,49,52,39
2021-03-03,58,71,50,60,85,49,41,24,13,29,40,76,21,70,7,15,32,46,18,11
2021-03-04,56,41,41,30,37,18,27,54,52,90,83,0,22,88,31,47,67,54,0,20
2021-03-05,10,16,14,62,40,6,8,95,15,25,57,18,19,7,98,60,52,88,59,26
2021-03-06,47,47,39,75,10,15,37,7,98,49,5,60,78,40,48,70,23,59,63,80
2021-03-07,89,94,12,81,67,37,92,86,77,5,17,91,98,27,27,61,7,59,96,29
2021-03-08,74,52,28,41,55,76,54,92,11,95,55,39,7,29,43,93,75,5,32,49
2021-03-09,85,77,21,5,13,50,8,24,82,40,99,75,26,0,52,70,46,90,76,52
2021-03-10,1,33,49,25,83,42,20,77,60,19,53,69,44,30,68,68,1,23,64,22
2021-03-11,96,16,74,99,34,60,10,62,98,97,41,82,82,32,82,16,97,86,51,38
2021-03-12,94,7,49,48,38,11,25,98,80,83,50,66,50,67,86,24,95,91,41,97
2021-03-13,88,4,4,70,78,24,49,53,44,6,21,81,7,62,63,95,98,94,54,4
2021-03-14,27,47,3,3,32,38,58,93,39,4,54,35,90,43,32,72,49,55,15,37
2021-03-15,4,75,24,12,58,57,31,96,63,92,30,55,41,41,4,21,86,84,10,1
2021-03-16,10,63,23,76,0,71,88,4,86,91,53,28,56,31,93,54,79,60,28,50
2021-03-17,87,38,34,95,33,85,17,79,61,12,6,29,65,36,27,58,95,12,64,91
2021-03-18,54,96,59,67,79,19,56,61,12,45,77,4,41,14,17,51,2,42,2,92
2021-03-19,88,21,6,25,2,73,57,54,85,80,40,61,44,62,15,30,25,16,41,72
2021-03-20,39,98,30,94,19,32,16,23,15,62,20,8,26,67,42,15,6,72,70,46
2021-03-21,52,24,48,72,77,34,67,48,73,69,75,16,32,26,44,46,66,56,57,63
2021-03-22,27,22,21,77,9,31,28,59,92,87,10,54,3,79,37,21,48,43,94,3
2021-03-23,94,23,14,74,52,89,54,50,20,94,66,60,79,10,86,50,80,71,45,76
2021-03-24,72,0,70,50,83,80,17,2,19,74,87,70,82,58,50,97,8,42,27,12
2021-03-25,60,26,46,13,38,20,89,52,79,48,4,69,4,39,54,77,89,20,66,47
2021-03-26,76,93,53,28,79,52,88,56,93,1,73,34,66,94,65,74,15,17,57,43
2021-03-27,11,72,69,9,4,37,63,89,43,8,84,12,63,41,90,70,0,37,18,28
2021-03-28,39,54,79,8,44,85,43,51,77,71,50,96,3,5,42,15,21,15,69,42
2021-03-29,83,25,62,21,1,68,14,69,69,66,59,88,7,93,6,49,92,26,83,59
2021-03-30,86,4,55,18,1,68,74,73,72,79,46,34,77,66,20,43,18,77,24,62
2021-03-31,73,99,43,87,66,0,39,39,11,43,11,83,36,18,60,85,93,89,88,34
2021-04-01,50,37,92,9,55,24,85,33,86,92,17,75,34,40,27,61,34,74,77,39
2021-04-02,0,6,27,95,39,74,93,34,56,85,61,11,76,90,76,75,75,61,24,91
2021-04-03,12,82,35,67,80,79,16,61,21,11,51,98,98,57,77,24,22,70,78,74
2021-04-04,10,35,4,78,31,42,57,0,35,72,28,57,97,11,26,68,59,97,3,87
2021-04-05,48,22,50,41,17,21,28,55,8,8,33,70,97,1,97,68,90,53,46,78
2021-04-06,55,89,89,53,57,45,68,68,65,6,96,33,24,21,6,45,4,16,0,17
2021-04-07,99,54,6,56,60,54,33,65,14,21,99,41,14,21,72,11,35,32,22,47
2021-04-08,11,45,3,97,60,7,19,73,73,36,14,53,27,9,34,75,35,4,12,59
2021-04-09,52,67,57,49,47,96,86,38,65,2,2,31,75,92,68,70,3,93,8,94
2021-04-10,14,3,56,11,2,66,73,29,53,58,16,44,63,88,41,69,50,70,78,53
2021-04-11,6,87,60,60,50,17,48,53,38,14,76,45,70,4,50,7,73,58,45,97
2021-04-12,32,42,73,52,65,97,69,15,20,86,4,50,90,77,11,74,38,90,57,54
2021-04-13,0,24,41,72,52,85,3,32,59,65,50,39,7,69,90,80,70,63,77,77
2021-04-14,0,35,86,85,70,30,79,23,22,53,57,35,60,70,18,28,69,92,88,12
2021-04-15,56,80,23,64,42,66,3,31,30,41,11,43,54,2,30,17,97,13,62,40
2021-04-16,28,85,66,62,9,25,27,43,92,40,32,7,38,5,36,96,55,20,29,57
2021-04-17,1,89,57,49,71,20,2,61,16,1,92,78,11,89,6,80,41,51,66,9
2021-04-18,90,14,94,9,17,5,39,59,62,82,52,51,32,65,90,35,35,34,22,56
2021-04-19,10,83,13,17,6,38,75,91,43,23,72,68,68,44,56,6,25,92,4,30
2021-04-20,22,13,92,12,48,83,0,10,34,14,18,59,17,63,91,22,21,1,1,39
2021-04-21,48,18,32,14,68,39,73,55,37,62,0,69,37,51,52,55,70,11,48,8
2021-04-22,23,18,59,60,83,52,74,88,13,72,32,27,96,20,91,82,87,58,58,40
2021-04-23,40,85,38,48,99,35,82,27,2,59,47,78,0,7,85,48,50,22,92,91
2021-04-24,51,21,98,89,52,62,43,20,68,66,54,81,45,86,21,96,20,16,60,9
2021-04-25,16,72,30,80,15,38,38,48,41,38,32,1,61,47,37,21,89,23,92,21
2021-04-26,97,41,53,29,93,28,73,2,55,74,47,64,76,50,21,39,73,27,63,14
2021-04-27,93,60,46,81,79,9,30,45,34,31,35,14,11,26,7,51,15,6,83,58
2021-04-28,89,98,59,79,15,69,54,67,10,93,41,77,99,87,31,40,64,53,41,65
2021-04-29,90,30,12,67,58,90,74,39,63,86,34,1,62,2,93,16,37,94,7,0
2021-04-30,10,98,97,38,74,73,9,23,88,16,52,24,55,19,21,4,99,11,41,41
2021-05-01,30,79,33,62,54,86,81,21,75,79,91,96,73,44,29,86,91,9,55,12
2021-05-02,25,38,31,71,7,61,58,78,9,33,69,71,44,46,96,32,15,95,80,23
2021-05-03,85,25,82,62,48,92,80,12,70,78,54,27,23,97,43,51,59,10,8,19
2021-05-04,6,89,14,22,53,89,4,21,71,51,59,1,86,57,83,96,73,3,71,56
2021-05-05,10,27,16,92,79,70,76,60,85,22,25,59,81,83,97,76,23,23,44,65
2021-05-06,51,6,48,81,24,63,26,55,70,20,73,67,31,89,78,52,8,44,32,26
2021-05-07,64,92,14,74,62,66,84,37,57,27,28,51,0,24,15,11,38,10,15,66
2021-05-08,65,94,92,87,69,26,17,94,95,50,54,0,14,54,18,47,79,80,86,23
2021-05-09,43,62,58,99,27,7,38,51,38,31,25,42,68,14,86,64,10,2,5,9
2021-05-10,64,94,13,28,86,50,42,47,10,21,96,64,28,94,39,14,96,66,75,2
2021-05-11,28,94,15,87,77,37,88,92,86,40,58,30,12,90,98,5,68,94,60,4
2021-05-12,1,50,93,27,35,79,80,94,83,59,93,61,60,1,45,4,89,1,30,99
2021-05-13,79,75,71,5,28,79,89,35,25,23,54,29,2,39,55,63,34,31,28,62
2021-05-14,28,91,28,79,31,63,69,17,37,12,51,90,59,70,28,46,74,13,12,22
2021-05-15,23,96,15,10,13,20,36,19,8,13,78,52,74,17,30,98,8,43,29,0
2021-05-16,55,55,32,47,39,46,84,71,28,23,72,22,90,83,25,80,19,2,96,76
2021-05-17,48,84,7,73,95,81,43,34,89,29,93,31,12,23,51,13,37,90,9,61
2021-05-18,40,64,48,87,40,50,13,49,11,58,42,78,41,63,5,71,95,44,0,60
2021-05-19,14,46,3,44,87,13,49,25,26,64,74,87,27,7,44,58,73,75,86,3
2021-05-20,98,96,3,31,76,47,0,35,57,87,82,94,46,79,10,51,91,83,65,14
2021-05-21,18,67,32,32,84,2,39,23,2,21,18,50,43,47,87,49,63,64,51,30
2021-05-22,90,43,57,55,82,53,45,46,77,32,93,84,13,31,90,27,31,21,5,47
2021-05-23,75,65,2,52,33,64,40,98,82,70,51,59,44,79,90,99,59,68,39,0
2021-05-24,70,93,85,87,40,71,63,54,15,57,29,70,94,72,25,46,56,72,14,52
2021-05-25,86,2,72,88,79,93,78,51,47,3,1,63,27,30,80,11,28,68,3,51
2021-05-26,8,76,63,60,22,72,30,57,9,9,19,21,12,11,87,55,62,28,5,96
2021-05-27,5,82,66,40,74,76,87,54,21,57,9,37,61,25,86,97,7,20,47,3
2021-05-28,9,90,4,24,42,2,81,83,39,20,89,67,52,39,53,24,44,68,41,68
2021-05-29,73,75,56,18,70,81,9,89,94,66,11,65,35,30,3,72,56,45,38,41
2021-05-30,45,47,9,38,6,77,52,79,42,15,29,23,43,78,11,40,9,39,58,6
2021-05-31,6,73,40,35,68,8,85,77,38,46,39,78,2,67,30,77,98,27,44,54
2021-06-01,55,15,58,72,94,72,60,23,9,63,62,83,44,17,22,47,31,18,10,41
2021-06-02,33,96,85,18,75,48,92,60,20,19,96,91,48,56,54,76,47,12,32,56
2021-06-03,35,81,94,24,88,71,58,13,41,99,64,59,3,32,48,64,85,45,27,28
2021-06-04,13,14,30,76,41,85,94,7,71,8,7,27,10,66,71,63,57,78,77,87
2021-06-05,69,35,52,49,10,81,91,98,24,9,11,80,63,75,90,22,36,79,25,50
2021-06-06,44,59,98,10,48,95,34,74,92,24,8,7,7,35,12,40,75,29,47,12
2021-06-07,69,31,13,95,76,65,72,42,29,49,82,96,60,37,71,69,24,43,13,40
2021-06-08,76,31,63,32,14,74,58,82,67,81,15,61,36,74,58,5,53,74,26,65
2021-06-09,84,6,57,88,12,26,62,58,79,62,57,45,7,59,15,99,7,7,78,10
2021-06-10,40,92,78,23,25,59,48,11,15,80,34,79,18,59,50,32,60,12,85,74
2021-06-11,28,58,90,42,36,79,0,68,21,69,43,2,87,54,31,70,49,3,65,96
2021-06-12,22,86,62,7,72,44,79,63,0,12,35,48,93,82,80,53,9,74,8,9
2021-06-13,25,92,74,7,91,78,60,12,32,30,64,58,27,31,51,84,12,72,99,74
2021-06-14,44,73,86,76,1,13,10,3,71,26,72,66,52,5,30,2,91,30,9,0
2021-06-15,61,62,99,28,4,77,30,33,90,57,40,95,26,2,23,4,40,83,97,70
2021-06-16,92,40,30,15,50,32,10,93,12,73,6,52,67,23,7,59,60,31,37,4
2021-06-17,29,88,17,46,67,80,8,59,62,19,3,84,44,6,57,37,8,28,32,57
2021-06-18,40,10,63,72,50,6,10,94,18,30,68,79,91,39,99,10,82,27,93,86
2021-06-19,76,60,21,46,3,70,11,25,24,78,40,53,20,33,51,19,68,44,98,24
2021-06-20,39,92,88,48,12,40,58,25,19,53,17,87,7,98,53,98,75,15,22,10
2021-06-21,72,16,71,85,41,66,89,75,13,29,53,26,50,95,45,26,14,90,22,19
2021-06-22,55,46,38,57,56,6,41,72,38,99,23,49,67,54,3,51,96,40,11,2
2021-06-23,41,18,83,95,94,37,45,31,12,55,18,5,84,79,92,32,87,39,7,45
2021-06-24,55,43,78,35,92,7,72,92,55,87,69,1,67,65,0,40,3,29,98,94
2021-06-25,68,36,39,3,33,78,51,47,9,91,28,38,33,32,59,62,59,6,96,71
2021-06-26,88,15,93,72,50,2,25,83,37,67,73,77,38,90,29,83,42,23,34,79
2021-06-27,61,13,12,68,23,20,74,32,6,42,56,60,5,45,35,44,4,29,64,12
2021-06-28,95,99,36,68,63,16,38,98,12,57,59,16,53,91,11,18,25,75,57,50
2021-06-29,79,97,19,81,37,14,25,39,89,47,61,3,6,93,83,48,20,4,97,0
2021-06-30,23,68,93,11,77,33,67,9,86,70,95,50,88,54,51,9,81,41,60,65
2021-07-01,77,57,61,52,61,44,77,81,51,14,37,83,91,26,94,27,91,93,50,95
2021-07-02,54,37,81,10,21,21,62,70,83,89,87,68,91,27,72,7,12,22,10,96
2021-07-03,46,90,47,69,32,95,3,69,95,78,82,29,45,13,37,0,77,95,70,81
2021-07-04,51,19,72,29,45,90,37,28,3,70,21,63,36,78,88,23,79,15,14,42
2021-07-05,32,98,80,89,13,71,60,9,79,85,91,93,10,88,94,69,18,40,9,0
2021-07-06,92,97,91,25,62,49,49,42,94,79,84,3,41,59,65,89,16,9,89,50
2021-07-07,53,89,74,73,18,62,45,61,57,2,34,45,50,9,89,33,48,66,71,37
2021-07-08,12,20,16,24,60,53,16,68,6,90,56,59,28,51,42,95,7,45,79,54
2021-07-09,56,91,37,0,92,3,79,13,2,35,86,3,26,27,9,9,90,69,31,23
2021-07-10,4,35,30,91,22,40,68,32,78,72,3,85,36,9,69,74,7,35,89,66
2021-07-11,53,50,60,65,6,33,52,73,74,60,58,36,83,91,84,87,90,20,51,53
2021-07-12,48,84,32,16,27,14,40,11,8,45,60,60,9,97,12,66,88,88,51,27
2021-07-13,82,61,79,39,91,92,73,94,45,19,65,65,49,26,62,18,75,90,16,82
2021-07-14,19,50,92,8,8,95,15,34,45,0,18,82,51,39,68,32,43,99,77,55
2021-07-15,52,84,60,33,41,18,95,65,39,35,90,36,75,83,90,37,76,32,94,1
2021-07-16,57,50,87,21,8,84,35,32,10,92,63,69,89,84,45,15,67,65,4,89
2021-07-17,33,42,51,91,17,36,50,99,43,39,93,66,16,17,64,46,0,44,93,74
2021-07-18,55,19,33,99,65,27,73,9,37,22,89,73,49,40,85,19,7,85,85,24
2021-07-19,19,72,14,62,70,62,42,81,92,70,41,99,44,11,18,34,17,77,1,40
2021-07-20,87,11,57,93,7,34,3,68,41,94,69,60,91,12,78,72,67,63,12,81
2021-07-21,63,77,87,54,95,10,0,32,21,55,28,68,94,76,42,98,77,81,20,68
2021-07-22,7,23,1,70,2,44,64,30,36,86,90,85,74,27,7,48,92,22,20,77
2021-07-23,59,40,86,58,92,36,44,7,36,17,3,25,49,24,10,45,14,8,96,47
2021-07-24,80,17,46,8,41,82,89,51,28,73,63,47,47,49,33,51,5,57,49,42
2021-07-25,32,62,48,10,37,7,37,53,39,34,28,38,6,99,55,63,18,92,57,41
2021-07-26,71,30,93,16,83,96,49,87,7,62,35,36,45,59,61,27,38,24,63,10
2021-07-27,42,97,98,51,24,58,48,4,98,32,39,51,88,79,20,71,87,71,13,53
2021-07-28,83,19,53,66,63,10,27,55,20,33,41,1,51,99,40,27,25,51,45,86
2021-07-29,63,39,38,54,25,42,28,51,54,84,25,90,53,72,61,82,66,1,39,93
2021-07-30,45,82,86,33,85,37,2,69,82,45,17,61,73,65,35,36,54,19,84,10
2021-07-31,48,85,52,76,23,44,71,88,64,24,14,84,55,18,48,12,10,91,54,24
2021-08-01,88,99,88,74,96,19,87,35,3,3,18,77,89,12,84,75,5,73,3,26
2021-08-02,53,90,10,34,57,74,91,46,84,61,20,57,31,70,28,26,94,90,45,76
2021-08-03,98,8,60,25,80,10,78,20,45,81,6,92,21,50,73,12,60,51,58,66
2021-08-04,42,29,18,93,40,28,5,75,52,19,89,93,88,56,37,16,37,61,22,46
2021-08-05,57,73,9,86,45,58,94,16,88,80,99,39,12,1,79,13,30,98,44,23
2021-08-06,75,27,53,15,46,10,77,36,31,99,82,55,94,21,57,92,56,30,81,13
2021-08-07,15,73,6,5,37,39,46,74,56,71,4,31,96,42,22,99,41,47,22,65
2021-08-08,20,60,75,65,9,7,84,90,13,37,65,83,90,69,14,76,85,35,49,16
2021-08-09,30,86,8,76,9,29,58,0,67,31,74,97,41,2,84,27,14,87,23,60
2021-08-10,25,71,64,50,55,22,2,80,88,77,70,47,58,69,2,42,22,36,74,36
2021-08-11,73,97,92,82,85,39,73,66,98,57,42,83,74,12,59,59,63,94,60,87
2021-08-12,35,5,37,53,83,63,44,46,99,14,20,62,70,39,3,52,14,5,34,13
2021-08-13,43,76,4,49,49,0,73,8,93,63,28,92,40,26,38,61,72,66,92,95
2021-08-14,19,91,10,95,25,26,42,18,82,12,43,90,63,60,99,2,31,12,18,21
2021-08-15,62,27,66,73,40,53,13,75,41,83,52,69,35,37,43,63,50,80,5,90
2021-08-16,92,24,10,57,6,22,50,61,19,93,18,15,16,92,87,3,72,7,7,7
2021-08-17,82,42,55,3,90,98,23,65,67,96,48,23,36,63,47,7,80,86,47,52
2021-08-18,49,52,10,43,44,99,4,31,49,84,46,29,53,29,54,68,53,60,3,65
2021-08-19,96,49,80,54,70,30,96,21,15,4,54,61,64,17,65,16,75,27,42,36
2021-08-20,36,72,99,52,40,29,62,45,77,60,41,95,1,68,41,12,9,64,14,85
2021-08-21,31,34,66,22,0,44,52,44,45,66,84,36,79,6,48,37,46,9,13,29
2021-08-22,27,38,45,22,61,37,6,24,56,60,79,24,56,47,84,72,13,95,35,95
2021-08-23,28,46,55,6,71,10,16,29,96,97,48,53,21,41,98,79,69,27,76,96
2021-08-24,98,59,16,96,54,3,8,57,83,94,94,57,98,14,9,3,77,91,83,93
2021-08-25,54,76,33,76,75,43,4,26,88,58,40,94,36,32,77,35,44,72,43,32
2021-08-26,1,86,52,85,61,20,36,41,73,54,63,75,27,88,45,66,21,23,73,35
2021-08-27,87,66,66,38,90,94,25,51,90,10,29,95,48,95,38,52,45,45,91,69
2021-08-28,94,32,99,70,13,41,24,23,92,95,1,13,27,84,61,56,59,95,27,12
2021-08-29,60,96,71,89,89,21,68,86,10,65,27,82,22,37,67,55,11,22,88,98
2021-08-30,69,0,74,64,41,22,16,8,63,33,51,52,60,59,51,15,2,57,42,41
2021-08-31,43,11,17,66,51,60,12,81,37,61,46,46,77,11,7,10,99,92,70,44
2021-09-01,8,82,18,27,84,25,84,78,83,67,35,65,82,74,86,98,69,92,27,97
2021-09-02,91,4,59,50,81,12,52,50,39,99,53,41,85,13,28,27,93,88,60,31
2021-09-03,46,57,54,25,13,90,64,14,98,41,73,17,93,7,95,72,22,18,83,3
2021-09-04,11,67,7,54,57,1,37,2,96,21,68,67,77,33,18,53,69,75,4,75
2021-09-05,11,52,55,12,96,63,22,5,77,84,9,25,64,41,34,42,50,18,38,6
2021-09-06,0,97,5,4,88,97,84,13,63,69,77,11,39,27,65,34,50,62,86,92
2021-09-07,69,15,88,20,5,43,68,14,29,8,61,70,51,44,84,41,44,57,70,77
2021-09-08,4,85,45,90,53,47,19,46,49,89,88,48,86,85,94,36,21,94,58,46
2021-09-09,41,8,20,29,55,51,54,7,0,46,19,89,43,35,54,62,8,74,13,38
2021-09-10,35,56,68,80,52,15,69,47,58,44,41,70,52,86,74,47,21,1,20,28
2021-09-11,11,66,32,3,43,78,33,90,85,88,66,80,38,69,22,20,94,54,7,19
2021-09-12,46,84,89,11,6,12,67,53,73,59,9,25,33,70,59,94,14,93,22,34
2021-09-13,3,29,19,21,57,78,74,82,73,97,1,98,40,47,57,0,18,44,76,87
2021-09-14,14,26,60,36,29,38,70,19,6,0,52,25,56,88,29,18,0,98,51,80
2021-09-15,85,99,85,29,56,96,63,76,90,61,69,58,33,24,63,98,91,20,84,2
2021-09-16,58,93,95,60,63,38,72,24,3,83,6,66,43,4,15,10,21,63,57,43
2021-09-17,84,75,68,59,69,22,25,29,74,43,95,4,38,15,81,47,62,59,7,78
2021-09-18,82,60,28,72,70,91,11,90,88,29,71,26,23,64,5,9,66,95,3,2
2021-09-19,7,0,92,47,69,41,99,47,93,64,94,49,87,33,66,61,48,50,17,90
2021-09-20,45,15,70,72,4,33,58,82,31,29,73,21,89,79,89,35,16,58,18,26
2021-09-21,40,46,32,28,24,69,30,69,74,71,91,95,14,32,78,78,7,96,85,89
2021-09-22,20,50,44,36,22,13,87,53,60,26,93,93,67,32,23,59,83,96,6,33
2021-09-23,39,36,66,54,89,22,39,54,81,82,85,51,24,72,95,28,19,2,66,54
2021-09-24,13,19,66,43,23,60,5,1,26,28,10,11,16,72,80,18,65,23,88,26
2021-09-25,12,43,15,19,33,66,11,28,85,27,16,53,3,80,22,13,80,84,73,23
2021-09-26,52,96,47,94,67,84,19,92,85,78,94,78,57,64,82,74,59,59,88,0
2021-09-27,71,56,83,20,52,12,65,76,62,55,34,63,89,72,2,50,73,50,59,91
2021-09-28,87,8,51,62,85,26,13,59,46,25,94,31,5,5,20,11,39,8,56,40
2021-09-29,59,98,99,41,36,68,36,77,60,19,41,86,55,70,70,48,29,59,11,59
2021-09-30,10,90,74,18,78,72,72,33,52,58,37,56,24,87,96,32,34,21,86,16
2021-10-01,79,83,31,77,45,34,89,45,5,63,65,63,36,67,29,46,21,61,81,9
2021-10-02,2,76,32,32,56,48,12,76,17,82,76,16,75,66,98,71,39,62,66,74
2021-10-03,46,82,28,96,31,3,20,92,79,43,90,24,23,12,44,51,14,11,39,23
2021-10-04,57,52,16,1,64,77,48,57,96,76,33,85,54,52,69,42,88,16,42,6
2021-10-05,70,27,42,88,18,0,57,43,5,29,23,26,78,30,48,26,95,77,42,72
2021-10-06,31,8,43,56,34,40,71,89,89,57,62,53,37,73,11,89,28,21,27,81
2021-10-07,26,60,34,65,59,99,31,34,19,46,83,21,96,1,80,69,90,52,68,4
2021-10-08,39,77,10,78,30,35,64,7,62,91,9,25,1,51,73,92,36,14,2,32
2021-10-09,51,90,21,78,48,86,86,85,40,34,20,22,61,96,60,41,24,65,21,9
2021-10-10,9,85,38,94,49,69,82,87,16,21,15,44,15,65,36,96,81,72,68,3
2021-10-11,8,43,91,9,42,79,31,92,93,5,61,14,44,89,7,93,99,67,35,25
2021-10-12,43,17,2,6,66,2,30,67,17,33,3,11,22,12,47,12,30,72,65,38
2021-10-13,93,78,60,43,6,41,54,99,95,11,97,75,68,90,32,39,87,10,70,80
2021-10-14,88,21,67,8,86,48,62,85,50,50,46,60,71,80,2,34,43,9,75,52
2021-10-15,0,63,33,72,17,0,8,44,74,60,1,59,48,79,25,71,63,62,40,1
2021-10-16,18,84,61,57,52,7,34,61,12,92,7,67,30,86,82,33,46,95,60,0
2021-10-17,77,36,27,83,96,6,39,27,89,86,90,4,5,55,16,11,26,70,67,78
2021-10-18,6,76,49,31,61,79,10,80,56,62,87,70,58,33,51,83,99,75,79,69
2021-10-19,76,24,42,55,54,59,97,85,82,83,79,67,25,85,27,72,11,54,31,70
2021-10-20,85,1,11,92,23,73,81,74,3,73,96,36,71,27,99,20,30,16,95,57
2021-10-21,24,13,87,6,64,61,77,68,83,3,43,8,40,56,59,92,92,30,69,71
2021-10-22,95,8,61,40,34,61,27,3,77,8,32,59,62,66,99,40,13,13,51,38
2021-10-23,91,51,45,86,79,71,52,23,56,11,53,85,51,6,3,86,22,52,77,25
2021-10-24,73,7,74,6,27,25,89,53,84,58,80,55,44,65,28,91,90,7,91,18
2021-10-25,68,82,24,11,75,44,48,76,25,9,95,69,65,33,99,22,17,31,73,23
2021-10-26,31,52,64,14,65,38,34,7,97,69,9,36,8,54,70,5,92,37,23,12
2021-10-27,14,84,48,79,22,31,41,45,9,4,99,66,5,77,36,79,94,2,96,16
2021-10-28,29,62,71,17,13,28,32,31,17,97,79,98,10,7,53,61,63,9,84,48
2021-10-29,36,50,4,21,99,55,7,29,18,92,80,54,95,37,86,46,84,90,46,17
2021-10-30,19,28,22,38,50,8,90,0,13,0,98,41,19,11,37,97,54,35,36,11
2021-10-31,51,42,72,19,13,58,74,49,79,84,91,37,90,70,62,55,1,56,77,98
2021-11-01,43,99,17,95,58,66,57,98,4,41,87,16,56,52,80,91,25,69,54,66
2021-11-02,20,27,54,0,71,16,93,86,62,89,98,77,62,44,81,70,47,50,22,78
2021-11-03,87,1,11,99,17,73,48,52,10,13,57,37,79,97,81,40,48,15,69,44
2021-11-04,85,65,17,41,67,85,35,66,17,90,57,76,39,94,72,15,55,27,83,78
2021-11-05,49,30,85,85,50,71,28,34,94,73,7,45,39,23,99,13,31,84,13,37
2021-11-06,63,33,40,55,95,87,11,56,65,32,26,59,41,90,16,4,89,89,41,75
2021-11-07,84,25,65,73,35,94,96,48,7,91,52,13,73,68,13,27,86,96,40,13
2021-11-08,35,50,30,61,0,81,84,78,30,63,36,38,70,84,83,23,65,26,62,36
2021-11-09,78,93,28,86,74,56,52,31,20,8,71,22,49,88,67,16,73,21,77,7
2021-11-10,14,93,28,15,21,36,83,15,1,86,29,7,2,89,52,61,61,52,76,90
2021-11-11,64,84,0,48,60,20,16,13,28,82,2,60,6,59,25,15,46,23,37,63
2021-11-12,93,61,50,55,47,56,57,49,78,39,10,64,79,78,25,64,99,10,52,30
2021-11-13,79,32,73,16,6,10,26,84,15,3,85,37,58,8,90,50,8,63,36,35
2021-11-14,40,50,61,14,75,2,69,18,44,56,64,79,51,88,95,97,31,3,71,25
2021-11-15,76,0,77,7,87,65,16,50,50,87,53,55,31,72,5,96,60,84,78,21
2021-11-16,28,27,22,1,82,53,59,49,12,43,29,89,70,16,70,54,8,6,14,81
2021-11-17,82,60,1,31,40,28,58,6,1,58,26,68,77,61,98,64,77,64,80,39
2021-11-18,43,33,57,37,98,60,33,50,78,80,63,0,86,90,87,67,2,95,6,14
2021-11-19,62,46,75,63,0,64,85,85,15,34,11,75,62,48,29,78,79,49,12,46
2021-11-20,89,58,75,29,34,11,34,16,53,39,83,38,21,8,25,69,62,61,85,25
2021-11-21,47,16,21,37,70,83,30,39,88,78,69,40,34,72,9,54,6,62,56,5
2021-11-22,41,19,79,91,31,2,89,84,79,35,7,97,49,35,77,67,4,95,55,18
2021-11-23,1,55,59,9,54,43,43,97,29,88,34,17,15,94,2,21,34,65,37,2
2021-11-24,51,88,88,99,34,12,6,86,74,62,49,45,49,36,47,21,11,21,97,99
2021-11-25,75,83,10,12,9,6,74,5,94,65,17,81,82,56,9,40,54,74,29,87
2021-11-26,25,99,11,83,13,75,86,31,10,99,97,75,38,13,41,72,15,1,90,69
2021-11-27,69,94,52,31,90,98,2,33,36,11,22,2,69,10,88,58,35,80,65,75
2021-11-28,87,80,77,72,37,65,56,96,50,22,45,41,46,58,94,28,96,77,18,28
2021-11-29,90,80,14,58,27,62,17,35,38,53,23,72,80,63,90,79,4,8,65,72
2021-11-30,96,0,23,83,89,46,48,85,45,78,94,26,27,93,42,1,50,61,24,72
2021-12-01,23,11,24,53,85,52,84,6,37,43,80,61,78,33,93,81,91,26,0,61
2021-12-02,49,77,9,59,19,51,15,91,18,57,0,15,49,4,54,18,72,86,75,6
2021-12-03,49,11,40,83,4,25,82,40,23,94,15,78,17,96,78,27,98,11,85,69
2021-12-04,17,54,1,57,58,40,82,93,53,67,14,99,85,94,77,32,22,51,8,55
2021-12-05,36,72,62,24,73,31,24,41,15,32,25,2,30,46,82,18,32,2,7,35
2021-12-06,49,74,76,91,90,10,11,49,58,59,48,98,50,93,98,44,13,32,35,88
2021-12-07,96,16,2,83,55,75,33,15,26,4,38,9,46,79,4,89,12,65,24,84
2021-12-08,1,42,96,11,76,72,31,6,83,90,12,84,83,57,78,3,49,96,77,26
2021-12-09,62,21,22,18,18,49,30,77,89,48,19,99,4,54,21,93,32,95,97,94
2021-12-10,79,74,95,22,80,11,36,40,99,32,55,63,67,12,55,63,90,95,23,21
2021-12-11,68,48,74,84,1,87,26,96,43,85,19,52,6,73,94,84,68,11,98,34
2021-12-12,63,27,82,37,39,0,57,25,92,78,95,38,66,45,90,32,32,36,49,88
2021-12-13,20,65,30,8,95,78,95,40,75,65,61,4,7,19,74,79,64,19,77,11
2021-12-14,89,38,72,16,31,49,49,9,54,7,92,42,43,57,78,6,70,91,43,1
2021-12-15,24,94,11,1,93,86,46,0,58,81,28,17,90,76,44,90,60,94,10,43
2021-12-16,67,40,34,69,60,28,44,70,62,45,26,11,84,82,61,57,13,44,48,46
2021-12-17,24,12,93,55,86,67,82,21,10,61,54,9,61,18,10,98,55,32,9,91
2021-12-18,94,25,43,64,11,53,21,22,60,31,55,26,48,93,48,50,49,85,68,3
2021-12-19,11,57,76,11,50,64,40,69,34,62,76,95,63,35,72,80,41,36,15,67
2021-12-20,44,13,56,98,5,51,93,95,34,17,42,31,48,59,76,63,89,73,51,11
2021-12-21,80,71,33,23,65,8,78,22,59,30,47,80,28,3,7,7,45,8,41,69
2021-12-22,87,22,87,97,62,73,48,7,95,94,32,19,6,49,92,4,61,83,37,61
2021-12-23,44,6,50,8,68,31,80,58,93,73,72,30,44,74,72,69,0,1,6,3
2021-12-24,77,54,50,8,77,9,22,81,69,9,7,40,60,24,58,35,58,72,84,19
2021-12-25,8,11,16,32,2,83,84,71,35,70,57,66,8,87,34,26,39,24,99,64
2021-12-26,89,95,58,80,90,15,26,40,62,76,34,84,65,37,68,85,33,38,69,42
2021-12-27,17,85,20,24,86,64,43,38,18,6,90,4,6,75,89,70,24,27,96,70
2021-12-28,82,44,77,98,35,32,4,73,24,25,63,73,40,94,16,52,61,61,65,63
2021-12-29,79,81,97,93,51,70,40,65,0,36,91,67,1,52,36,80,11,60,71,59
2021-12-30,27,79,79,36,26,66,36,34,45,45,82,95,71,8,33,18,66,59,98,44
2021-12-31,10,59,36,17,37,23,19,48,81,88,26,44,84,98,84,49,87,70,11,8
2022-01-01,93,92,45,66,30,70,44,34,44,45,94,88,19,27,29,1,53,48,12,99
2022-01-02,76,18,70,34,63,47,13,46,96,74,62,84,82,88,10,12,79,99,56,96
2022-01-03,66,8,92,83,53,74,35,61,41,52,63,5,9,8,59,41,50,50,4,79
2022-01-04,70,68,3,65,50,76,9,74,96,85,89,7,52,24,54,70,74,99,95,24
2022-01-05,91,88,72,25,18,43,3,28,7,52,61,11,87,9,39,50,58,31,71,34
2022-01-06,25,45,11,96,55,14,79,72,43,98,50,21,79,92,26,0,60,73,26,96
2022-01-07,16,80,87,17,50,2,64,54,77,50,35,13,5,52,91,76,39,98,18,99
2022-01-08,23,16,85,46,89,74,15,12,44,56,42,21,21,50,1,43,3,87,62,16
2022-01-09,76,49,51,25,39,87,14,62,21,44,53,12,7,48,40,92,69,89,92,1
2022-01-10,87,95,45,63,34,9,26,8,48,65,0,22,7,96,80,3,81,82,80,87
2022-01-11,46,23,87,83,27,58,55,48,60,8,45,27,0,51,36,43,11,50,27,0
2022-01-12,78,62,52,62,32,12,35,78,60,79,90,24,91,66,56,50,46,7,5,33
2022-01-13,20,8,2,97,21,98,54,19,14,20,36,20,82,36,52,50,65,99,44,32
2022-01-14,97,99,78,79,40,53,35,61,82,37,53,77,20,61,77,5,25,2,0,47
2022-01-15,70,38,62,19,83,36,70,12,81,51,97,40,87,41,10,68,18,79,33,75
2022-01-16,48,53,73,66,66,65,58,80,30,18,73,53,90,96,86,54,75,33,1,78
2022-01-17,78,0,86,88,32,1,87,7,23,54,81,78,68,82,68,63,16,43,45,1
2022-01-18,40,22,8,54,23,19,78,81,66,18,63,71,23,13,43,42,15,19,49,52
2022-01-19,53,98,3,78,35,75,73,61,63,66,74,13,36,84,54,13,96,98,51,53
2022-01-20,29,51,96,25,30,89,38,97,34,0,95,23,69,4,74,22,80,96,4,36
2022-01-21,71,99,36,99,89,71,38,53,72,68,28,55,83,47,56,32,16,6,40,63
2022-01-22,76,8,31,80,11,99,63,94,73,96,66,26,80,22,56,37,79,75,86,24
2022-01-23,99,80,38,12,34,10,61,11,43,66,45,88,24,52,91,35,47,93,49,86
2022-01-24,94,25,78,65,98,58,79,34,60,77,96,25,7,97,60,1,51,93,98,32
2022-01-25,78,45,39,75,26,42,24,14,37,95,41,68,28,86,62,95,32,53,19,13
2022-01-26,58,80,19,70,67,48,76,59,94,76,88,36,81,99,16,51,86,39,50,74
2022-01-27,82,19,39,39,15,9,74,85,95,95,99,8,39,8,67,97,3,52,53,16
2022-01-28,83,39,42,96,24,38,77,47,60,47,28,16,85,27,99,1,88,94,5,62
2022-01-29,78,61,88,13,94,55,34,52,33,45,15,84,38,46,90,90,78,3,90,18
2022-01-30,43,90,9,13,57,46,38,80,89,99,12,67,87,24,48,0,13,12,70,62
2022-01-31,3,59,6,20,90,44,78,31,11,88,16,34,70,59,92,98,14,22,63,14
2022-02-01,54,37,88,91,25,9,99,14,17,25,34,14,32,2,80,26,81,64,48,97
2022-02-02,38,17,57,14,27,90,89,46,47,56,8,25,57,32,21,64,56,32,93,77
2022-02-03,59,20,64,68,58,63,16,33,89,13,58,89,1,96,88,71,70,86,17,69
2022-02-04,34,87,53,76,16,24,83,39,52,72,16,30,32,91,13,37,95,83,67,54
2022-02-05,83,94,92,63,72,77,80,73,17,75,39,19,10,24,50,24,66,96,4,13
2022-02-06,24,80,27,19,15,14,71,70,31,44,62,97,74,80,97,38,6,74,12,43
2022-02-07,73,55,36,51,24,7,41,5,97,44,88,95,44,42,89,3,48,26,75,83
2022-02-08,62,40,55,57,63,92,24,20,19,69,90,32,42,96,14,87,95,79,33,65
2022-02-09,29,12,10,0,97,65,32,57,61,18,28,54,83,12,85,60,48,14,54,35
2022-02-10,18,87,46,7,30,18,93,24,50,74,15,43,65,88,65,8,32,35,38,94
2022-02-11,3,30,49,8,48,10,83,27,52,61,30,35,51,80,45,49,59,42,72,0
2022-02-12,48,92,61,48,77,39,46,19,12,2,73,46,93,17,24,63,5,50,12,16
2022-02-13,51,56,21,27,28,14,96,69,11,35,17,23,93,13,87,84,74,49,25,83
2022-02-14,83,52,4,19,5,17,50,85,65,60,74,63,44,81,31,92,11,63,50,42
2022-02-15,42,4,75,35,47,84,57,85,13,28,22,88,78,83,56,22,37,55,1,63
2022-02-16,85,32,67,48,0,28,52,72,40,18,6,71,36,64,22,75,34,5,51,73
2022-02-17,93,97,45,61,55,53,11,67,96,12,31,7,40,48,35,47,80,21,75,79
2022-02-18,58,31,93,36,4,13,89,14,44,69,57,65,34,66,0,26,12,45,14,54
2022-02-19,18,41,7,43,80,31,70,42,23,30,30,74,20,97,68,40,99,21,76,27
2022-02-20,54,5,84,36,58,92,3,96,52,78,47,81,88,38,72,99,75,95,73,32
2022-02-21,82,66,3,17,26,74,79,82,6,7,29,68,84,86,20,76,64,92,77,52
2022-02-22,78,30,78,78,85,24,84,16,77,92,3,62,65,81,10,90,99,67,42,63
2022-02-23,5,75,6,32,13,72,59,69,6,37,40,60,10,64,39,90,44,10,10,25
2022-02-24,23,79,72,7,85,9,78,11,37,75,25,11,78,69,89,64,7,63,82,8
2022-02-25,13,67,79,35,73,16,44,74,19,34,62,34,87,95,64,78,90,70,77,8
2022-02-26,82,27,7,58,22,7,60,9,88,96,73,28,56,3,62,26,45,17,98,20
2022-02-27,41,25,54,90,16,14,7,58,60,82,83,10,91,82,64,34,74,62,35,1
2022-02-28,59,57,15,90,15,28,37,68,8,70,41,18,11,41,44,13,48,50,98,71
2022-03-01,1,47,2,51,33,90,49,84,58,39,22,18,79,88,32,49,28,45,86,13
2022-03-02,29,69,31,8,37,67,98,89,56,77,57,49,17,29,45,98,60,94,25,6
2022-03-03,97,32,53,7,86,0,90,16,18,82,38,25,59,25,28,4,53,12,83,75
2022-03-04,28,53,57,66,41,65,16,47,9,94,40,61,48,2,6,26,67,64,18,48
2022-03-05,36,56,33,89,47,42,70,78,43,10,8,32,73,65,28,0,64,56,77,68
2022-03-06,24,73,48,57,35,79,19,20,23,78,72,26,14,2,68,53,70,70,84,41
2022-03-07,82,43,70,55,92,37,68,59,99,7,59,23,88,79,66,48,68,55,28,81
2022-03-08,51,25,66,1,72,47,63,15,71,72,74,46,64,54,23,2,41,81,32,74
2022-03-09,63,35,0,43,39,13,81,95,12,23,63,95,93,93,44,98,36,8,70,55
2022-03-10,79,62,82,34,28,75,49,17,37,80,92,76,71,81,20,57,59,94,1,97
2022-03-11,72,2,51,6,60,45,77,57,78,36,85,86,65,26,99,81,85,1,82,21
2022-03-12,50,70,41,24,50,29,61,10,40,59,99,49,42,98,92,67,54,27,62,83
2022-03-13,98,17,27,88,86,71,10,70,46,37,25,31,53,16,50,4,41,96,73,6
2022-03-14,68,19,47,29,93,5,88,70,36,87,40,69,78,28,7,86,23,93,31,41
2022-03-15,43,46,96,24,60,29,13,28,55,60,26,98,36,83,3,69,30,53,83,72
2022-03-16,35,73,41,6,66,93,8,68,83,59,48,23,19,39,64,31,48,59,20,74
2022-03-17,62,59,47,36,54,76,70,73,20,77,33,23,12,83,62,84,56,86,55,64
2022-03-18,5,66,59,24,11,34,6,60,54,91,51,72,66,69,31,41,11,65,30,54
2022-03-19,92,68,26,51,60,85,79,31,91,14,27,3,31,41,24,1,1,92,73,69
2022-03-20,78,69,6,92,42,45,88,20,31,85,51,42,95,88,88,21,84,65,69,4
2022-03-21,55,21,92,56,61,24,42,52,81,61,11,45,29,53,46,2,20,66,54,5
2022-03-22,59,50,15,0,33,77,13,94,54,75,97,26,58,34,8,79,1,86,79,63
2022-03-23,59,84,5,73,18,2,31,32,19,71,55,92,76,82,90,80,11,18,40,33
2022-03-24,88,52,87,38,90,7,44,90,44,73,36,82,63,81,53,63,52,56,68,12
2022-03-25,76,35,1,64,61,72,99,46,97,57,35,67,19,96,44,1,65,12,8,2
2022-03-26,88,3,53,48,91,91,92,40,47,82,12,11,92,2,38,19,8,97,16,43
2022-03-27,25,49,76,65,57,51,13,40,90,82,6,84,82,80,81,98,5,38,96,55
2022-03-28,68,36,21,97,36,56,24,96,25,91,29,94,36,87,59,11,29,76,66,35
2022-03-29,19,82,62,68,47,35,38,3,94,36,48,35,35,68,67,81,7,87,95,98
2022-03-30,12,48,93,75,6,87,83,78,41,63,71,39,78,27,18,85,33,5,83,79
2022-03-31,80,34,60,1,0,25,52,60,13,86,95,11,82,61,50,48,74,20,60,26
2022-04-01,8,55,26,74,65,22,86,34,70,26,19,86,91,35,31,70,22,86,0,14
2022-04-02,12,31,86,64,10,7,28,61,59,11,76,63,98,55,32,11,91,3,34,53
2022-04-03,56,58,71,12,71,88,3,3,99,31,45,31,55,71,75,35,26,54,38,62
2022-04-04,61,89,0,10,78,58,6,94,65,48,77,59,37,29,45,47,71,47,1,68
2022-04-05,6,84,70,59,45,17,65,10,60,18,59,15,9,47,70,23,49,79,54,59
2022-04-06,22,12,14,97,8,15,20,78,39,79,41,79,89,44,98,93,1,56,65,84
2022-04-07,67,68,28,82,6,65,20,76,79,17,79,83,5,43,19,12,80,29,64,0
2022-04-08,7,61,37,87,8,62,70,61,68,24,76,55,78,12,12,39,38,12,8,8
2022-04-09,5,3,80,93,42,18,32,81,92,23,3,30,38,0,68,12,8,71,77,18
2022-04-10,76,29,30,12,22,3,67,85,4,25,34,39,82,4,61,53,83,30,10,13
2022-04-11,63,54,59,13,4,56,8,92,80,17,59,13,93,58,31,68,0,28,23,34
2022-04-12,8,96,46,85,5,84,65,67,80,52,63,89,12,5,98,88,51,78,88,46
2022-04-13,9,48,35,2,95,71,78,59,26,58,68,59,12,81,29,39,55,97,31,4
2022-04-14,97,95,19,82,91,1,75,17,82,2,69,81,3,75,11,7,92,92,74,89
2022-04-15,1,51,87,89,36,32,69,6,78,24,52,19,73,95,54,95,40,28,83,3
2022-04-16,28,69,18,89,48,24,37,28,70,10,85,14,28,62,35,51,56,25,53,93
2022-04-17,0,59,32,86,9,6,40,67,0,81,33,92,90,76,73,60,79,17,81,56
2022-04-18,78,49,63,34,42,36,74,20,93,82,86,91,43,89,44,10,4,6,18,35
2022-04-19,97,24,91,81,86,78,97,11,47,34,28,44,48,98,26,91,16,66,30,96
2022-04-20,63,6,92,29,92,1,21,27,68,79,63,6,43,49,35,41,48,55,63,21
2022-04-21,90,82,78,80,52,95,36,41,81,86,44,84,63,38,90,50,84,81,9,87
2022-04-22,16,81,75,73,92,60,33,59,69,36,25,48,89,63,89,47,94,79,35,44
2022-04-23,99,95,41,83,90,25,51,75,7,80,21,47,37,74,23,46,26,5,84,22
2022-04-24,23,4,50,26,56,72,4,20,39,87,10,74,95,7,33,76,93,24,64,73
2022-04-25,40,66,54,93,53,51,66,15,53,5,62,53,83,79,43,65,30,38,7,10
2022-04-26,81,97,48,12,8,4,87,44,88,36,58,67,5,68,79,2,5,52,97,97
2022-04-27,10,76,79,87,4,97,82,60,6,24,34,85,76,94,42,91,89,1,23,79
2022-04-28,66,22,78,31,60,93,23,5,66,72,31,46,50,81,69,27,27,32,14,13
2022-04-29,81,83,26,85,57,71,88,30,66,30,90,29,62,19,36,35,75,28,32,0
2022-04-30,31,27,54,40,98,54,7,80,5,83,40,6,97,49,85,42,46,36,36,79
2022-05-01,3,48,26,55,21,34,53,74,94,24,48,34,60,36,9,61,3,4,88,87
2022-05-02,56,1,34,34,72,81,35,42,22,72,34,70,70,15,88,82,58,8,16,9
2022-05-03,46,26,83,43,45,92,57,38,98,46,57,38,66,77,62,24,94,51,82,0
2022-05-04,51,93,68,11,70,1,36,23,25,4,61,74,29,58,49,99,81,94,82,65
2022-05-05,7,85,76,28,26,52,28,97,19,15,4,55,74,58,20,92,37,14,19,43
2022-05-06,54,60,7,86,33,25,68,61,99,41,18,97,48,66,4,33,98,96,98,82
2022-05-07,50,57,7,79,74,70,38,26,80,97,42,5,90,68,67,94,67,61,71,48
2022-05-08,28,25,72,24,93,40,63,4,44,39,75,5,40,85,66,77,76,66,39,39
2022-05-09,5,19,55,89,61,38,83,44,25,8,82,61,58,72,60,35,61,14,29,53
2022-05-10,6,82,4,37,45,68,15,82,42,25,9,92,40,38,18,50,31,16,75,89
2022-05-11,35,28,37,92,58,16,63,40,1,96,11,41,65,58,0,60,72,84,18,3
2022-05-12,94,68,45,72,15,95,65,87,55,80,32,13,35,89,69,45,23,59,59,53
2022-05-13,73,24,51,30,20,33,80,11,27,53,40,82,77,67,28,2,31,60,10,82
2022-05-14,98,73,41,79,27,95,36,68,1,63,29,10,43,10,18,89,6,62,6,71
2022-05-15,97,42,96,64,59,17,95,86,13,2,35,15,33,95,86,44,27,57,93,79
2022-05-16,86,76,50,14,81,65,77,73,24,28,85,40,17,64,29,64,59,66,99,27
2022-05-17,97,76,85,80,2,50,10,67,5,3,90,91,62,45,82,96,5,10,90,9
2022-05-18,71,55,52,9,72,60,92,48,91,18,20,94,9,23,14,70,78,90,14,32
2022-05-19,31,97,58,33,29,31,71,54,62,47,2,68,72,18,64,87,60,66,70,32
2022-05-20,15,47,23,68,71,0,95,92,13,47,20,96,56,70,97,67,87,24,22,44
2022-05-21,88,3,44,82,17,61,6,1,31,80,4,36,72,36,47,50,90,87,6,69
2022-05-22,54,35,49,87,77,56,17,61,49,44,94,99,95,73,59,31,94,45,20,11
2022-05-23,83,32,76,62,28,85,84,17,12,60,23,33,93,17,47,29,34,37,25,76
2022-05-24,81,53,89,13,50,82,62,98,59,96,9,4,35,84,5,25,98,64,39,7
2022-05-25,75,92,74,11,53,40,90,76,80,41,2,75,63,14,75,14,73,71,0,77
2022-05-26,40,50,96,91,38,70,51,82,31,47,11,92,90,27,58,37,15,4,82,28
2022-05-27,51,90,1,54,95,80,21,20,76,7,59,23,83,37,41,79,8,60,96,65
2022-05-28,8,90,12,36,18,72,26,26,41,28,78,52,55,16,91,34,37,24,96,60
2022-05-29,6,19,48,18,60,30,34,78,52,11,37,89,84,75,84,9,12,1,12,82
2022-05-30,3,46,24,83,80,76,37,92,89,65,61,33,73,93,31,28,26,98,54,96
2022-05-31,61,29,58,15,44,44,57,38,45,87,18,92,53,62,10,14,73,90,51,16
2022-06-01,79,91,67,18,41,93,19,17,70,54,20,61,93,85,0,87,62,26,9,97
2022-06-02,2,18,67,75,26,73,76,80,75,3,89,56,43,2,59,16,54,18,68,8
2022-06-03,60,64,39,91,52,75,44,79,89,41,96,15,84,52,13,62,13,88,81,65
2022-06-04,23,96,85,71,36,48,33,84,30,23,21,40,62,83,92,8,4,36,81,90
2022-06-05,16,28,90,57,40,24,11,10,67,72,36,60,15,2,9,10,98,23,13,79
2022-06-06,36,20,22,13,7,68,43,14,79,1,43,12,2,55,15,6,47,84,48,7
2022-06-07,30,44,28,33,50,94,80,20,78,39,81,61,67,36,71,56,61,54,5,47
2022-06-08,5,16,47,40,4,13,46,96,48,77,44,19,2,37,91,32,36,69,73,60
2022-06-09,33,94,35,29,84,93,95,53,86,18,88,75,39,24,75,43,97,85,79,33
2022-06-10,71,75,40,9,73,29,13,4,32,50,3,56,89,59,52,23,43,60,86,88
2022-06-11,45,18,70,95,95,99,25,83,5,1,67,11,38,1,8,20,55,33,56,64
2022-06-12,0,84,5,87,97,90,54,76,17,93,2,55,46,79,74,33,16,79,97,9
2022-06-13,73,51,31,1,72,13,85,26,59,28,70,11,34,50,58,57,7,3,23,3
2022-06-14,22,5,52,10,41,76,77,56,3,53,25,56,90,59,94,20,26,14,7,1
2022-06-15,92,45,93,86,74,91,26,85,67,59,61,90,92,17,8,27,81,9,66,39
2022-06-16,91,82,50,38,83,24,54,93,60,93,44,62,94,73,90,83,7,25,74,89
2022-06-17,80,31,62,66,43,58,98,54,19,50,17,68,90,67,87,72,43,53,53,39
2022-06-18,9,70,4,20,45,98,30,79,41,22,2,8,41,40,62,6,28,2,87,39
2022-06-19,58,71,26,13,58,90,89,30,26,35,24,96,3,19,2,85,47,22,39,10
2022-06-20,10,94,69,63,47,48,77,5,66,55,30,21,86,93,9,16,66,77,49,92
2022-06-21,87,12,14,8,87,55,94,72,73,12,10,93,48,99,32,62,57,6,51,92
2022-06-22,45,47,70,78,82,45,44,47,96,92,62,28,90,17,10,41,68,5,31,78
2022-06-23,65,8,20,72,11,0,99,61,42,59,67,49,65,70,17,42,30,79,76,81
2022-06-24,43,57,70,32,97,37,53,82,74,50,40,63,43,59,79,12,69,5,73,20
2022-06-25,49,26,32,62,43,48,99,12,38,53,81,28,39,82,53,85,6,28,55,12
2022-06-26,48,1,50,92,94,31,0,91,56,58,81,39,42,85,49,73,90,39,88,32
2022-06-27,92,30,23,72,92,76,74,97,55,88,3,13,27,94,19,38,3,7,58,9
2022-06-28,89,88,62,39,88,48,19,34,36,57,40,81,62,25,40,72,24,9,71,40
2022-06-29,12,47,56,2,79,49,2,86,58,96,28,41,66,91,79,64,79,9,72,57
2022-06-30,27,23,28,12,27,7,67,51,12,69,17,49,92,76,58,58,6,42,30,47
2022-07-01,95,78,60,70,73,45,86,61,73,1,53,36,5,64,92,73,7,5,34,23
2022-07-02,2,4,34,13,19,86,99,80,23,17,57,78,65,80,48,98,78,5,36,55
2022-07-03,22,40,62,55,86,26,92,32,92,24,50,93,27,84,50,41,66,19,65,17
2022-07-04,71,61,13,10,60,12,62,99,12,47,92,93,2,80,23,74,35,22,47,17
2022-07-05,42,39,96,54,69,17,99,49,7,60,31,29,31,45,28,77,17,14,10,41
2022-07-06,11,2,29,98,1,6,58,49,10,89,67,49,54,79,9,93,11,45,24,66
2022-07-07,83,61,22,77,94,16,25,52,73,12,5,56,79,29,58,80,2,33,30,72
2022-07-08,66,82,54,22,43,39,66,95,45,63,17,57,72,76,97,98,51,86,73,52
2022-07-09,3,97,96,51,34,11,5,80,40,56,30,61,75,89,49,30,7,85,85,35
2022-07-10,20,67,75,72,7,98,54,60,4,1,12,39,94,72,99,67,9,69,64,88
2022-07-11,54,24,73,75,51,9,41,83,30,73,25,32,33,13,35,72,40,29,70,51
2022-07-12,43,79,38,54,3,33,23,88,2,70,75,33,25,16,27,91,4,45,26,69
2022-07-13,33,34,5,91,52,6,75,78,46,97,22,84,84,52,54,11,13,42,91,21
2022-07-14,47,6,29,37,96,19,10,5,52,51,19,24,31,0,81,77,32,57,32,2
2022-07-15,58,72,33,24,26,34,46,75,19,70,96,18,50,36,60,88,88,44,75,51
2022-07-16,77,88,71,6,24,78,1,51,61,81,80,7,67,79,10,48,64,34,37,10
2022-07-17,77,23,43,51,8,43,15,23,35,48,43,7,35,3,25,8,16,50,92,19
2022-07-18,73,4,33,40,10,63,14,80,59,74,16,31,70,45,63,41,67,64,29,88
2022-07-19,73,6,3,71,63,92,67,20,4,53,49,93,70,90,75,66,56,58,50,83
2022-07-20,23,91,55,43,21,27,58,15,0,25,30,94,58,40,98,36,95,94,68,52
2022-07-21,82,32,36,20,25,13,85,0,42,36,38,84,82,66,68,80,38,45,24,23
2022-07-22,93,76,45,3,74,94,92,71,64,12,8,26,56,91,87,30,36,31,53,80
2022-07-23,78,88,52,65,95,67,16,32,7,11,49,73,18,32,33,84,18,3,62,52
2022-07-24,0,76,42,54,67,5,17,46,17,11,32,42,84,59,92,45,47,31,8,17
2022-07-25,6,70,34,3,75,25,89,82,30,23,99,81,92,1,59,26,37,9,74,52
2022-07-26,79,11,99,34,95,67,10,78,56,18,18,95,99,57,18,34,21,60,40,37
2022-07-27,80,96,19,41,53,24,40,5,4,78,33,70,8,67,65,82,20,55,90,21
2022-07-28,12,34,96,15,11,99,39,14,55,1,42,3,56,62,0,51,94,39,95,96
2022-07-29,24,57,83,70,76,26,91,23,64,88,35,55,69,92,44,60,14,6,2,47
2022-07-30,54,8,18,26,89,9,48,78,87,69,26,12,15,77,29,33,17,43,33,35
2022-07-31,3,46,11,53,66,54,14,61,41,35,14,99,39,45,9,67,28,74,6,29
2022-08-01,74,39,3,78,96,37,62,37,55,73,63,31,19,54,65,57,12,35,74,14
2022-08-02,88,46,79,34,35,96,56,10,95,37,71,12,85,95,38,14,55,16,44,62
2022-08-03,13,94,70,36,41,84,47,98,6,27,51,13,35,51,26,16,26,8,19,6
2022-08-04,95,16,0,95,75,26,87,87,74,59,58,96,46,80,11,70,98,0,25,78
2022-08-05,73,73,98,9,67,64,20,21,65,65,60,46,68,32,23,59,61,81,41,76
2022-08-06,91,42,54,91,30,72,57,41,86,15,3,20,87,34,68,23,49,52,24,38
2022-08-07,26,10,43,56,9,35,46,93,61,94,52,80,9,56,35,72,87,71,8,62
2022-08-08,74,2,16,68,31,6,88,95,37,99,85,55,74,93,72,33,19,43,18,2
2022-08-09,45,32,9,87,12,63,56,97,25,23,62,55,81,17,30,0,72,32,23,60
2022-08-10,25,5,23,84,59,47,49,99,3,16,86,53,99,68,72,57,1,90,52,0
2022-08-11,20,35,28,2,28,89,58,32,8,75,71,0,99,26,26,30,96,84,63,49
2022-08-12,32,33,32,86,68,40,99,17,7,36,98,2,8,34,98,34,67,86,67,8
2022-08-13,14,25,79,80,17,37,13,47,36,99,38,5,52,90,36,81,41,56,50,87
2022-08-14,56,37,76,5,27,28,56,83,55,45,6,97,29,12,83,89,29,54,78,2
2022-08-15,98,32,47,5,4,11,32,92,51,32,45,26,62,50,37,68,39,80,59,20
2022-08-16,16,25,91,82,97,74,91,35,61,39,86,99,74,78,88,9,48,73,60,54
2022-08-17,38,22,92,73,61,8,11,43,12,14,8,29,1,73,59,50,98,48,86,18
2022-08-18,26,32,99,90,44,84,23,59,16,57,22,58,42,55,16,50,31,14,50,13
2022-08-19,42,32,54,48,13,27,55,83,5,9,79,33,25,22,97,51,16,40,26,16
2022-08-20,97,44,69,89,20,12,26,71,38,48,2,0,40,15,79,95,92,46,28,48
2022-08-21,10,94,67,28,75,24,75,40,86,98,32,55,23,80,49,98,88,27,11,61
2022-08-22,31,25,54,53,53,29,15,18,72,46,46,97,91,6,79,24,72,17,14,93
2022-08-23,55,34,89,28,6,39,70,66,47,51,52,37,8,15,72,81,39,32,60,2
2022-08-24,56,46,44,0,94,17,11,38,77,76,51,54,45,2,27,38,55,65,98,50
2022-08-25,67,96,27,45,72,56,89,56,92,14,80,21,4,11,58,29,14,62,48,38
2022-08-26,53,86,72,49,82,86,37,14,11,63,93,3,49,19,53,85,78,97,48,66
2022-08-27,89,69,96,24,13,14,85,5,80,46,69,74,42,14,61,95,2,22,87,6
2022-08-28,1,87,76,25,96,71,11,46,86,66,58,41,24,61,15,80,20,12,7,81
2022-08-29,46,39,52,58,88,34,18,86,48,57,15,86,93,44,2,2,30,49,43,56
2022-08-30,25,20,97,28,94,57,6,59,98,83,30,9,46,9,29,91,65,78,54,16
2022-08-31,15,76,42,49,17,36,13,20,88,71,85,87,58,30,49,1,81,80,50,37
2022-09-01,17,7,32,93,6,94,52,44,12,7,54,59,43,28,1,26,71,60,15,79
2022-09-02,14,79,51,71,8,74,72,17,13,74,41,64,0,18,74,19,8,17,83,34
2022-09-03,53,57,37,9,25,15,90,74,82,81,0,74,48,77,95,35,60,30,89,25
2022-09-04,35,88,10,49,58,57,12,3,41,45,94,75,59,21,90,19,94,94,97,28
2022-09-05,13,62,42,38,55,68,33,33,61,7,69,79,87,75,50,87,49,78,6,70
2022-09-06,8,2,50,11,32,77,55,73,78,48,98,20,8,31,76,9,46,57,80,84
2022-09-07,23,27,68,85,16,72,23,18,33,79,74,47,71,40,21,84,5,90,78,72
2022-09-08,56,81,2,59,26,63,67,21,15,58,94,66,48,93,81,73,43,49,26,81
2022-09-09,28,70,87,55,15,2,67,22,3,34,58,55,16,60,41,47,87,7,52,17
2022-09-10,18,61,66,60,92,79,19,63,62,64,42,94,46,78,48,78,39,0,49,54
2022-09-11,11,66,85,86,37,41,85,99,5,6,5,46,78,9,68,17,3,59,59,28
2022-09-12,32,35,92,86,52,96,58,10,48,89,66,95,53,91,76,82,99,30,62,25
2022-09-13,85,58,17,42,18,45,7,96,59,99,17,38,93,69,7,88,18,26,73,71
2022-09-14,66,0,24,34,40,7,67,89,98,79,20,51,91,6,22,26,60,95,48,56
2022-09-15,63,85,28,62,92,93,38,11,92,92,9,8,18,64,30,24,79,24,96,43
2022-09-16,42,94,12,11,43,58,50,95,99,4,16,55,95,27,36,23,96,15,56,2
2022-09-17,60,39,56,8,9,9,83,72,12,31,43,9,83,36,67,64,91,74,3,15
2022-09-18,44,9,39,97,20,70,25,3,9,10,29,96,62,12,7,97,17,27,84,55
2022-09-19,22,66,37,58,9,88,59,0,55,36,90,13,33,76,22,31,77,71,35,46
2022-09-20,55,88,66,59,81,30,44,68,40,47,16,61,64,85,8,89,8,74,58,40
2022-09-21,92,45,2,52,53,74,35,7,34,60,54,84,27,56,97,31,43,99,14,57
2022-09-22,37,4,76,19,89,41,14,24,83,37,25,24,58,25,93,4,15,42,20,77
2022-09-23,91,60,85,80,15,7,62,98,83,61,11,77,68,93,70,10,60,40,42,63
2022-09-24,89,75,2,14,36,68,63,50,43,78,9,59,80,27,20,67,17,48,92,6
2022-09-25,90,19,48,13,70,99,30,92,72,96,67,68,94,72,84,28,16,64,25,42
2022-09-26,85,63,94,35,28,21,97,42,92,34,28,77,61,52,44,46,83,15,5,0
2022-09-27,49,81,67,99,60,50,58,88,1,46,41,95,18,2,63,62,31,53,59,35
2022-09-28,42,14,77,38,64,42,16,70,41,18,93,89,72,57,62,36,26,59,74,49
2022-09-29,89,38,37,42,70,2,35,74,55,30,65,90,50,73,19,47,29,99,21,94
2022-09-30,40,49,52,24,23,37,74,70,99,8,75,19,51,19,93,50,46,30,44,11
2022-10-01,68,57,9,10,29,47,22,13,9,30,62,67,28,44,62,36,97,69,57,49
2022-10-02,49,29,7,83,90,97,40,94,70,42,91,96,53,77,77,60,42,13,99,7
2022-10-03,13,37,39,26,7,89,51,96,87,49,38,25,99,60,84,98,22,92,79,45
2022-10-04,94,58,39,15,72,77,20,37,5,55,60,84,2,11,3,94,51,24,1,9
2022-10-05,72,48,73,26,43,62,21,28,14,71,58,44,56,16,81,75,18,88,39,46
2022-10-06,53,79,16,26,93,93,80,16,59,44,8,7,85,9,27,15,57,76,26,78
2022-10-07,17,35,24,45,98,73,20,96,68,45,91,76,72,20,12,86,68,81,76,90
2022-10-08,37,35,23,10,48,49,11,60,36,45,51,31,68,50,44,40,2,77,96,13
2022-10-09,28,84,70,31,64,91,21,67,81,9,93,95,73,51,60,64,15,29,10,37
2022-10-10,74,88,37,61,59,47,69,15,7,34,96,95,63,57,63,42,28,0,1,97
2022-10-11,74,69,84,60,66,79,12,18,55,9,65,83,83,32,20,95,91,31,89,88
2022-10-12,33,36,93,74,61,95,86,7,49,89,11,7,85,77,16,18,83,20,14,90
2022-10-13,80,40,62,43,27,98,54,63,40,50,28,42,62,81,80,1,53,37,60,88
2022-10-14,77,33,73,10,12,22,39,51,39,62,12,52,27,36,50,13,38,76,27,76
2022-10-15,23,75,19,95,15,99,22,71,30,8,2,14,40,58,47,63,9,67,78,23
2022-10-16,79,25,44,80,68,50,36,56,51,97,82,11,41,58,70,17,83,62,6,5
2022-10-17,68,75,31,16,21,39,63,18,79,24,80,92,16,91,70,88,34,86,47,18
2022-10-18,99,94,12,45,98,54,49,19,41,49,71,45,63,10,76,0,64,82,76,14
2022-10-19,84,7,6,82,18,44,93,20,78,58,40,45,41,82,81,37,69,53,74,5
2022-10-20,33,33,59,20,53,97,4,50,13,58,24,90,31,95,0,83,26,20,88,30
2022-10-21,58,73,41,10,92,64,89,76,77,58,0,88,83,72,87,18,28,15,64,43
2022-10-22,10,57,33,49,26,16,45,22,40,38,94,18,28,79,29,48,76,0,95,46
2022-10-23,75,92,87,22,55,41,53,77,35,47,60,27,60,14,62,14,77,19,64,58
2022-10-24,42,64,84,12,67,41,67,87,65,15,41,54,12,64,71,76,11,70,36,21
2022-10-25,52,57,45,84,15,40,26,4,33,71,52,41,47,31,12,59,81,78,23,43
2022-10-26,55,80,19,13,93,14,98,59,49,18,86,17,40,4,2,72,20,60,72,49
2022-10-27,65,24,81,20,59,83,79,5,36,85,85,63,10,40,96,10,80,41,74,5
2022-10-28,1,30,87,67,61,99,34,85,10,17,47,95,70,11,95,76,73,55,39,10
2022-10-29,61,12,58,53,59,82,41,43,5,28,8,14,42,40,93,11,14,75,2,65
2022-10-30,74,62,28,10,99,85,73,18,43,70,10,95,95,15,19,36,45,44,68,47
2022-10-31,18,26,41,51,92,9,80,31,72,25,38,44,75,16,34,52,65,7,9,71
2022-11-01,36,16,26,59,95,73,79,60,37,96,8,80,25,60,98,84,85,82,45,39
2022-11-02,51,28,47,12,89,73,6,65,75,86,32,63,27,84,87,7,28,10,39,0
2022-11-03,78,43,53,74,71,31,78,64,21,2,75,16,11,42,92,71,79,26,83,41
2022-11-04,97,56,60,91,94,1,23,61,0,31,19,52,59,18,53,39,99,6,84,99
2022-11-05,54,68,12,35,18,58,94,2,49,72,43,53,45,59,6,54,51,18,53,46
2022-11-06,59,56,40,78,35,47,42,48,80,70,4,49,12,72,98,61,37,7,33,52
2022-11-07,88,51,98,36,0,62,21,24,1,53,24,99,83,72,35,7,66,2,44,5
2022-11-08,55,55,53,71,22,24,41,70,11,88,25,12,59,27,40,6,46,30,16,38
2022-11-09,77,76,36,97,12,85,97,57,6,92,43,17,89,42,49,57,90,50,88,17
2022-11-10,61,52,32,21,6,26,68,27,72,87,69,80,57,94,76,32,72,67,75,31
2022-11-11,50,88,97,35,48,33,71,3,95,54,27,3,56,58,69,52,51,30,19,25
2022-11-12,37,77,11,64,3,4,27,35,18,88,30,46,99,25,61,74,27,5,79,28
2022-11-13,32,41,3,85,86,87,18,97,66,59,72,75,41,58,58,0,0,47,55,70
2022-11-14,75,58,28,61,25,81,42,89,12,70,42,12,55,21,29,45,36,38,39,1
2022-11-15,36,39,59,48,17,58,3,33,62,62,18,33,45,41,68,74,4,74,87,91
2022-11-16,5,88,16,33,38,29,29,16,65,58,61,52,22,58,65,5,98,57,63,56
2022-11-17,69,65,79,16,16,21,96,35,31,22,48,90,67,18,83,94,71,59,67,73
2022-11-18,85,65,53,18,37,8,72,99,9,44,70,2,43,79,29,65,60,70,24,16
2022-11-19,1,48,18,65,54,83,80,36,29,8,75,49,33,70,27,47,43,27,79,70
2022-11-20,51,69,8,42,60,39,71,52,38,41,71,6,83,5,13,81,37,45,37,9
2022-11-21,60,68,18,75,9,77,70,91,81,84,95,84,79,19,75,63,96,72,25,16
2022-11-22,28,48,65,21,23,30,80,36,7,54,0,67,84,16,84,67,9,22,22,20
2022-11-23,33,90,22,92,54,51,67,80,95,0,39,17,15,14,70,5,83,75,40,42
2022-11-24,67,1,38,18,18,55,24,37,71,62,33,4,2,48,42,79,8,84,21,35
2022-11-25,85,83,51,8,59,76,26,18,49,74,50,23,86,87,65,7,23,61,78,47
2022-11-26,30,88,38,91,53,61,12,26,97,71,47,52,8,78,7,38,41,60,41,96
2022-11-27,79,95,51,30,98,8,92,9,80,77,65,78,8,37,33,98,47,4,25,84
2022-11-28,89,92,14,68,40,73,82,26,50,32,45,29,33,27,29,57,60,92,39,65
2022-11-29,96,46,77,96,78,8,19,29,68,67,13,44,42,68,26,23,59,8,66,43
2022-11-30,53,80,18,20,90,74,26,72,45,61,78,4,61,33,51,36,94,59,84,25
2022-12-01,36,78,23,99,66,89,10,41,33,97,14,74,63,85,97,80,25,83,52,65
2022-12-02,28,81,44,80,42,61,10,9,95,72,17,59,78,59,44,83,5,63,47,64
2022-12-03,29,16,97,86,90,76,6,62,38,33,24,18,13,12,71,93,38,10,22,74
2022-12-04,34,66,20,75,65,22,93,52,21,56,41,91,30,88,74,67,18,8,86,57
2022-12-05,96,51,59,99,71,36,82,29,52,23,99,93,87,40,72,26,38,80,5,4
2022-12-06,66,77,38,67,90,9,83,58,42,5,38,79,54,17,23,84,43,9,97,25
2022-12-07,79,1,25,33,85,74,30,78,81,51,50,50,16,81,71,84,81,78,78,94
2022-12-08,60,82,80,27,56,72,10,53,0,24,48,30,77,63,26,1,25,51,76,60
2022-12-09,5,46,95,90,74,28,2,45,37,67,7,92,73,97,86,43,66,84,20,0
2022-12-10,30,43,62,26,44,64,82,22,79,93,40,55,0,71,87,1,84,14,84,54
2022-12-11,37,94,61,3,76,18,92,16,48,52,56,53,43,71,15,78,3,84,74,79
2022-12-12,29,84,69,96,2,79,62,98,44,27,87,32,70,33,94,52,31,82,6,9
2022-12-13,83,32,17,58,25,98,82,88,83,88,33,67,90,68,99,86,7,50,27,87
2022-12-14,93,56,5,34,18,52,98,34,73,83,83,14,23,22,29,4,53,74,26,63
2022-12-15,54,9,23,24,48,62,30,12,26,4,74,69,67,61,29,11,59,73,81,72
2022-12-16,65,82,76,94,0,14,57,40,34,74,53,52,4,46,60,28,23,55,91,11
2022-12-17,30,5,32,69,31,39,93,34,53,93,50,17,14,89,88,25,62,16,23,92
2022-12-18,40,20,52,85,83,66,81,77,96,65,59,90,36,49,85,97,42,58,83,51
2022-12-19,40,6,21,33,40,77,16,7,58,0,93,25,83,37,99,50,96,46,71,6
2022-12-20,44,27,79,53,64,25,11,68,44,41,96,11,64,6,68,55,72,75,13,27
2022-12-21,25,60,25,51,44,58,35,92,96,35,91,79,22,56,37,80,89,62,63,72
2022-12-22,49,47,56,81,64,14,14,41,65,39,38,89,86,47,71,45,60,27,49,64
2022-12-23,44,75,26,1,91,36,25,47,24,73,30,99,27,36,53,0,0,23,8,76
2022-12-24,87,41,51,61,9,46,95,20,8,28,54,86,35,34,34,84,46,33,17,12
2022-12-25,97,48,7,90,95,23,31,96,1,32,43,77,36,33,72,84,9,14,65,31
2022-12-26,66,17,80,32,33,17,21,59,58,82,63,42,80,1,70,54,22,63,98,34
2022-12-27,63,43,39,30,22,23,77,32,52,21,21,58,58,50,69,63,20,5,26,43
2022-12-28,20,48,3,47,35,95,87,95,65,97,18,53,74,48,21,65,97,52,24,4
2022-12-29,10,77,48,20,86,43,79,81,71,97,89,12,34,95,65,44,86,63,37,27
2022-12-30,85,84,91,78,18,38,32,25,79,12,47,86,78,26,3,41,59,85,52,26
2022-12-31,69,40,82,2,41,42,58,35,40,73,17,23,10,25,50,18,7,99,45,83
2023-01-01,73,16,51,56,15,11,26,26,27,25,54,29,77,5,62,77,43,31,30,32
2023-01-02,11,58,62,38,95,91,29,73,11,75,73,35,38,58,28,57,88,44,20,55
2023-01-03,65,52,2,66,3,41,41,84,86,77,81,21,71,74,77,79,16,25,78,14
2023-01-04,12,97,96,33,0,39,2,14,22,83,37,0,63,7,89,24,23,39,10,2
2023-01-05,91,86,91,67,1,97,70,41,73,56,67,82,93,79,89,56,33,66,55,5
2023-01-06,57,41,36,72,88,19,79,16,57,84,90,30,81,87,17,38,77,1,62,41
2023-01-07,51,41,19,34,86,61,47,70,18,8,54,1,14,71,90,28,38,68,80,26
2023-01-08,82,97,8,22,72,3,28,84,68,64,61,50,76,86,79,48,77,75,45,33
2023-01-09,41,49,14,21,10,7,56,69,61,72,40,79,74,71,76,23,56,77,9,24
2023-01-10,49,41,91,75,4,46,76,66,53,8,91,41,14,8,78,61,25,53,94,49
2023-01-11,39,30,18,91,17,5,14,18,42,90,13,14,43,90,92,95,12,70,64,3
2023-01-12,67,69,65,21,33,55,13,15,69,16,1,18,7,28,76,78,7,57,8,18
2023-01-13,78,97,27,77,34,78,57,54,80,69,97,36,95,82,49,50,90,58,33,4
2023-01-14,29,21,12,67,39,9,32,14,59,42,93,60,76,33,75,73,99,66,91,86
2023-01-15,91,57,22,58,92,97,94,44,80,48,69,43,30,44,30,42,67,20,67,7
2023-01-16,0,23,20,83,75,66,70,66,82,53,1,86,47,92,89,39,93,5,66,68
2023-01-17,84,47,24,4,46,45,35,63,53,11,4,89,74,46,49,11,26,82,12,10
2023-01-18,55,84,37,64,90,89,46,29,57,92,68,95,57,2,44,90,3,61,37,40
2023-01-19,56,41,92,30,75,9,33,15,21,56,34,4,86,67,95,80,55,46,94,42
2023-01-20,54,33,28,84,24,14,72,84,92,66,34,51,18,21,89,84,27,38,95,39
2023-01-21,32,20,40,36,73,34,45,32,31,25,49,42,5,93,34,75,90,1,12,19
2023-01-22,88,54,31,4,3,57,70,38,28,80,86,38,74,86,38,16,36,6,3,82
2023-01-23,85,64,85,93,68,91,91,27,94,98,27,62,22,39,62,3,64,48,12,68
2023-01-24,94,0,43,12,20,49,29,64,26,77,18,90,40,5,9,53,91,51,45,77
2023-01-25,22,67,21,84,88,19,14,72,65,62,50,12,71,16,54,34,33,83,45,49
2023-01-26,89,55,80,86,69,14,11,43,6,30,20,3,39,24,10,73,91,62,92,16
2023-01-27,76,40,48,66,78,5,38,76,53,34,4,0,42,48,22,79,72,18,18,86
2023-01-28,91,98,68,92,14,15,4,53,22,56,0,52,88,72,36,6,24,50,25,77
2023-01-29,93,17,0,8,80,5,74,40,42,73,32,81,9,71,90,16,55,64,13,54
2023-01-30,25,75,56,41,74,73,21,2,24,88,39,20,36,38,45,45,29,29,79,66
2023-01-31,67,19,99,8,68,74,26,7,73,56,96,72,92,63,49,94,81,3,58,14
2023-02-01,94,67,45,95,33,44,39,13,14,59,6,93,32,32,13,35,69,95,19,17
2023-02-02,13,57,11,8,74,79,31,58,74,4,63,28,40,35,71,46,76,31,54,90
2023-02-03,43,57,67,91,63,61,83,99,89,12,67,32,41,64,14,69,29,81,37,4
2023-02-04,59,74,61,77,80,4,0,22,22,56,22,36,45,60,99,68,26,35,4,41
2023-02-05,58,94,26,24,1,57,99,37,49,5,57,21,1,68,14,10,22,13,62,26
2023-02-06,67,54,35,19,67,52,72,50,80,54,81,54,96,85,25,72,13,91,34,47
2023-02-07,2,86,94,47,18,69,29,96,31,57,4,98,57,97,30,52,1,77,16,42
2023-02-08,67,8,78,80,53,60,9,44,84,8,98,48,1,33,50,95,70,58,96,29
2023-02-09,37,76,59,21,75,26,55,85,27,76,86,31,19,86,46,31,1,19,51,82
2023-02-10,50,27,92,36,16,94,39,48,82,28,52,86,25,89,19,85,39,54,55,20
2023-02-11,17,71,82,13,75,32,59,53,74,54,9,27,39,57,16,33,6,32,51,93
2023-02-12,17,2,37,60,60,34,3,91,50,77,39,83,78,9,5,14,82,26,39,57
2023-02-13,65,42,44,32,9,14,88,97,82,30,17,50,9,91,76,97,85,40,31,83
2023-02-14,58,87,32,54,46,18,54,8,37,53,14,75,19,72,2,68,40,79,56,38
2023-02-15,66,38,35,42,71,61,91,0,16,49,66,8,29,98,32,38,23,1,28,16
2023-02-16,38,23,40,26,91,29,18,76,81,56,34,83,66,38,39,0,5,13,24,92
2023-02-17,82,4,1,58,37,80,97,49,17,89,42,41,70,36,23,74,18,3,49,3
2023-02-18,79,97,94,14,93,11,35,8,82,22,66,76,38,78,32,14,45,71,3,80
2023-02-19,25,68,11,38,46,46,27,52,27,16,13,89,13,39,25,61,34,28,96,99
2023-02-20,13,69,88,97,29,78,32,62,51,70,91,11,22,58,35,55,78,69,76,16
2023-02-21,3,87,45,63,7,70,10,78,6,8,34,21,98,45,46,4,49,6,62,98
2023-02-22,32,80,96,96,74,86,35,58,66,21,31,36,6,45,78,64,62,60,2,0
2023-02-23,16,91,85,57,38,96,6,9,62,54,98,80,93,72,92,68,52,58,90,10
2023-02-24,56,39,66,60,39,68,53,18,63,2,82,90,7,25,12,77,7,54,38,75
2023-02-25,63,54,50,77,47,41,2,26,36,57,67,96,27,54,75,31,54,41,39,6
2023-02-26,2,29,91,19,6,62,95,5,74,10,13,93,70,55,16,55,6,39,70,56
2023-02-27,67,11,75,95,90,8,9,51,52,85,36,51,20,94,12,90,89,5,77,33
2023-02-28,22,40,92,39,24,52,40,1,18,1,52,64,71,20,80,41,4,92,69,56
2023-03-01,4,1,56,87,64,0,63,34,12,81,57,72,16,11,51,52,58,74,66,67
2023-03-02,17,41,59,51,30,94,14,97,78,59,12,56,8,93,28,39,63,1,54,71
2023-03-03,20,15,48,53,43,29,40,31,24,47,39,43,0,69,4,20,80,98,99,59
2023-03-04,25,83,65,98,54,52,4,19,66,99,47,2,39,12,95,14,11,45,54,71
2023-03-05,36,89,59,4,3,46,43,45,5,5,6,73,60,13,43,94,6,18,38,23
2023-03-06,15,97,76,72,93,18,88,98,58,90,81,31,33,67,55,38,4,2,9,40
2023-03-07,2,14,96,45,93,18,35,67,98,69,90,4,30,88,52,16,16,75,15,49
2023-03-08,18,20,39,11,65,16,75,52,34,61,40,8,30,52,10,73,35,20,0,8
2023-03-09,23,36,15,54,19,95,56,79,42,20,44,41,62,91,23,9,71,0,79,72
2023-03-10,82,9,20,55,32,84,45,42,18,56,34,45,27,60,83,2,23,67,70,29
2023-03-11,28,74,55,38,5,65,29,57,72,46,25,21,70,89,97,80,60,86,38,88
2023-03-12,43,59,16,49,34,36,59,88,82,34,73,54,34,90,16,80,21,89,72,46
2023-03-13,7,18,16,76,62,21,36,30,65,33,76,69,24,32,54,90,11,35,59,32
2023-03-14,28,43,19,60,87,91,47,29,38,22,59,13,31,17,20,67,99,67,24,40
2023-03-15,62,86,71,14,60,19,37,96,89,25,72,32,0,85,82,29,77,3,53,98
2023-03-16,78,57,36,73,97,19,4,37,51,24,61,30,98,26,80,96,49,19,89,40
2023-03-17,54,4,34,55,69,95,58,27,55,7,14,35,2,7,0,18,82,35,90,88
2023-03-18,86,21,34,46,43,7,23,62,67,36,29,58,66,71,81,58,37,34,3,41
2023-03-19,86,62,59,22,59,18,34,58,4,31,8,16,35,69,26,2,39,22,77,82
2023-03-20,67,61,73,37,65,41,42,78,79,40,93,54,48,50,77,96,69,34,51,30
2023-03-21,65,99,86,47,34,45,31,99,20,80,41,65,92,59,61,3,12,54,37,60
2023-03-22,38,17,79,84,96,20,31,28,93,59,92,89,24,42,41,48,99,17,77,22
2023-03-23,73,20,52,66,43,96,70,15,37,31,29,21,18,87,98,16,79,22,52,19
2023-03-24,27,41,70,47,81,9,57,10,11,30,10,77,50,64,5,22,52,8,16,2
2023-03-25,91,43,4,46,88,18,23,98,85,54,18,21,86,67,35,2,13,72,64,35
2023-03-26,59,75,64,23,95,2,55,22,70,56,19,50,51,42,4,20,96,18,45,29
2023-03-27,75,57,71,63,50,96,70,68,69,46,64,60,88,97,48,60,29,84,71,92
2023-03-28,60,70,9,60,37,50,32,28,82,55,25,76,7,29,33,17,84,67,67,59
2023-03-29,37,65,73,53,47,22,8,4,71,34,70,50,44,62,18,97,33,76,24,46
2023-03-30,49,30,34,43,83,50,8,21,98,8,64,21,43,35,97,55,24,60,7,92
2023-03-31,34,88,80,18,96,99,80,45,67,8,92,22,71,80,96,82,81,70,57,4
2023-04-01,97,44,79,37,45,46,99,21,50,15,49,54,13,69,82,81,72,14,62,69
2023-04-02,75,70,62,72,85,56,14,81,66,68,29,14,78,4,40,50,1,59,11,24
2023-04-03,99,56,96,49,80,3,29,28,6,95,50,59,52,24,92,66,12,46,0,67
2023-04-04,52,90,94,9,8,89,51,46,57,46,61,94,60,32,21,96,57,56,3,91
2023-04-05,46,99,16,32,21,37,97,41,82,75,29,57,85,61,26,86,55,98,65,44
2023-04-06,43,88,98,41,16,3,32,34,42,14,49,94,23,68,3,64,93,28,81,8
2023-04-07,35,0,35,30,69,29,82,29,22,49,65,88,81,52,97,29,99,38,26,38
2023-04-08,58,47,5,35,49,66,95,95,51,56,69,83,74,72,44,86,66,15,59,31
2023-04-09,20,64,64,95,97,40,17,14,97,39,34,62,5,64,87,72,41,11,24,26
2023-04-10,38,13,57,36,49,28,45,71,8,51,61,66,92,78,73,86,91,83,61,84
2023-04-11,32,95,17,22,15,77,43,73,51,40,89,43,61,85,21,40,14,54,78,5
2023-04-12,6,74,70,40,36,28,6,51,61,86,54,15,30,78,61,77,41,6,89,34
2023-04-13,8,58,74,47,61,41,81,78,71,1,51,78,24,25,90,84,98,49,12,0
2023-04-14,70,81,42,42,84,18,6,96,54,77,95,81,46,64,63,92,14,69,86,35
2023-04-15,70,24,8,2,52,5,59,37,0,22,73,37,72,81,79,67,74,56,46,6
2023-04-16,97,84,67,64,57,9,31,33,79,60,39,32,85,78,81,39,47,57,19,36
2023-04-17,49,67,44,15,42,53,65,85,23,55,41,68,87,47,84,0,91,78,13,67
2023-04-18,51,97,30,60,52,22,81,74,54,94,92,81,15,89,30,57,97,23,19,85
2023-04-19,1,17,32,73,48,39,91,75,63,34,85,25,94,26,82,91,22,22,7,34
2023-04-20,50,8,14,42,18,77,32,4,15,30,14,21,20,41,52,62,90,68,19,44
2023-04-21,72,55,16,78,19,34,73,96,89,96,39,43,16,47,78,6,31,92,18,29
2023-04-22,93,34,83,28,25,18,6,41,71,50,40,20,68,25,3,96,94,21,23,58
2023-04-23,42,88,42,13,54,11,44,57,94,29,64,0,87,31,24,10,78,5,61,31
2023-04-24,71,96,27,61,37,50,8,20,79,34,0,32,66,97,85,75,92,65,51,53
2023-04-25,94,0,51,76,3,82,84,52,82,14,94,4,3,52,73,70,55,78,60,85
2023-04-26,11,98,88,89,36,94,14,7,39,93,96,49,75,53,11,65,14,65,24,26
2023-04-27,67,46,83,68,29,77,6,73,38,30,52,90,25,99,58,25,69,73,53,13
2023-04-28,81,81,76,75,38,49,66,16,60,11,84,11,77,22,92,65,43,4,60,37
2023-04-29,79,79,68,26,17,49,45,67,53,49,48,50,87,17,1,22,31,61,84,71
2023-04-30,99,0,19,8,66,42,31,31,89,7,31,49,41,68,60,80,84,39,86,63
2023-05-01,86,46,2,65,96,93,15,48,87,41,51,99,48,19,3,46,51,91,79,6
2023-05-02,81,6,1,54,52,31,46,92,67,34,93,16,17,23,23,7,30,54,22,10
2023-05-03,65,41,65,24,75,97,26,63,76,54,29,21,64,47,83,8,3,37,47,63
2023-05-04,11,58,81,90,89,51,89,53,7,97,0,28,4,54,56,63,14,1,26,5
2023-05-05,3,26,99,80,36,37,92,66,83,86,16,1,26,59,90,30,85,66,65,71
2023-05-06,51,67,79,58,3,51,59,87,0,4,36,80,48,30,69,50,57,42,72,1
2023-05-07,0,68,2,33,36,61,77,82,28,16,98,4,81,2,48,64,47,56,2,15
2023-05-08,55,82,54,49,98,38,38,7,78,6,13,5,19,43,4,41,48,11,5,31
2023-05-09,65,60,12,9,18,87,93,52,90,13,65,64,44,73,47,85,13,1,37,12
2023-05-10,17,4,43,73,55,35,1,50,32,23,45,17,32,92,61,98,62,9,66,86
2023-05-11,91,55,12,64,14,5,21,9,44,94,66,69,80,23,57,71,30,38,70,80
2023-05-12,36,62,66,92,78,19,62,95,37,76,53,43,57,42,31,76,53,93,0,76
2023-05-13,15,76,87,78,59,12,96,32,2,0,73,83,80,55,63,90,66,35,95,96
2023-05-14,62,56,93,77,11,95,72,73,40,0,27,33,45,70,45,37,24,76,78,36
2023-05-15,21,22,66,77,78,87,75,48,26,37,28,9,14,1,19,83,53,38,23,58
2023-05-16,97,34,84,93,78,59,30,3,73,95,68,3,13,39,98,8,31,55,11,11
2023-05-17,6,50,28,3,50,73,66,68,55,78,6,19,70,33,23,2,86,83,6,30
2023-05-18,21,20,25,29,70,96,4,32,66,30,19,16,59,15,9,74,34,89,49,13
2023-05-19,19,88,12,31,30,98,97,69,23,17,6,6,94,60,19,78,7,52,19,44
2023-05-20,22,13,92,91,49,78,20,39,22,8,42,74,74,44,44,60,93,15,40,90
2023-05-21,54,79,46,92,89,44,0,56,20,24,42,44,86,3,29,63,62,31,17,27
2023-05-22,89,26,49,94,11,87,74,48,94,7,85,19,35,12,49,16,25,5,30,16
2023-05-23,68,63,66,67,10,21,73,48,63,5,38,43,69,91,57,76,64,90,81,24
2023-05-24,22,91,59,44,70,28,80,52,87,64,26,96,40,76,25,41,73,69,93,79
2023-05-25,32,86,92,95,90,69,79,64,31,81,22,43,34,17,79,47,52,50,68,17
2023-05-26,50,26,97,6,92,5,10,90,64,32,58,16,6,4,27,17,40,87,37,39
2023-05-27,12,98,14,33,94,45,33,71,3,32,58,99,96,62,34,55,93,66,14,97
2023-05-28,90,21,65,87,22,92,18,35,94,94,2,86,69,87,46,98,74,75,42,39
2023-05-29,20,5,90,59,55,33,73,40,80,7,24,28,2,66,70,41,79,95,73,67
2023-05-30,44,55,28,24,2,48,22,46,81,36,32,44,49,27,59,2,48,64,46,97
2023-05-31,15,45,29,90,17,52,42,91,55,46,58,71,3,24,23,41,57,91,56,18
2023-06-01,52,42,64,63,66,99,2,76,85,24,75,10,54,32,22,64,40,16,60,50
2023-06-02,4,82,98,34,98,99,46,92,78,83,12,78,23,74,23,78,89,50,43,14
2023-06-03,23,99,73,76,81,58,44,34,2,80,86,34,51,57,65,64,19,68,75,1
2023-06-04,61,41,88,94,58,39,93,26,49,35,15,89,25,79,75,66,10,40,92,36
2023-06-05,2,72,68,58,36,32,22,59,99,78,65,56,70,50,84,58,24,56,24,53
2023-06-06,80,72,27,72,12,64,31,61,86,13,69,68,75,96,48,13,69,54,81,79
2023-06-07,73,39,47,91,43,58,68,11,76,1,98,56,16,78,84,20,4,52,64,16
2023-06-08,56,52,86,81,13,70,50,46,16,74,86,20,2,60,98,67,25,87,53,50
2023-06-09,5,6,57,80,75,94,50,62,62,38,0,83,6,95,84,10,12,73,54,64
2023-06-10,28,88,54,56,99,77,68,86,99,81,80,19,87,88,59,65,62,54,18,65
2023-06-11,37,53,90,10,95,56,94,20,5,62,52,73,60,51,90,32,27,80,35,56
2023-06-12,61,29,35,4,27,32,1,82,88,17,60,44,12,2,66,7,89,78,72,84
2023-06-13,10,62,20,51,35,12,73,30,12,87,13,20,2,51,82,85,74,47,88,76
2023-06-14,88,23,60,2,52,87,73,77,31,39,98,26,8,38,76,52,4,66,73,60
2023-06-15,17,19,40,35,10,85,92,14,56,42,40,58,45,45,14,71,57,5,37,21
2023-06-16,38,11,61,58,59,36,72,84,41,43,89,60,50,73,31,3,70,64,42,4
2023-06-17,94,73,38,20,55,2,45,98,73,98,39,8,96,86,56,22,73,1,91,69
2023-06-18,17,16,5,77,12,52,35,54,69,20,20,33,93,44,25,51,18,76,31,98
2023-06-19,62,61,29,17,7,85,97,21,99,61,78,98,97,56,52,67,21,38,82,10
2023-06-20,45,31,58,18,92,79,8,32,4,12,42,32,52,29,33,95,87,1,60,14
2023-06-21,78,83,66,67,85,10,70,11,4,63,27,4,6,97,22,40,26,93,7,54
2023-06-22,47,69,89,0,1,37,40,89,27,84,8,7,74,76,9,99,8,88,19,2
2023-06-23,85,18,52,82,15,74,53,25,4,26,42,36,71,40,38,81,46,98,57,93
2023-06-24,88,41,61,14,52,42,48,18,86,7,78,94,10,43,58,99,86,41,96,33
2023-06-25,33,50,77,19,74,0,26,97,65,46,73,43,10,49,95,27,5,74,45,33
2023-06-26,48,92,25,20,53,46,14,58,57,60,41,29,32,83,62,39,61,34,86,72
2023-06-27,10,5,3,2,49,18,67,48,9,0,3,53,58,35,7,93,40,42,38,5
2023-06-28,71,66,16,26,54,37,99,49,88,20,55,32,93,55,65,7,48,57,29,73
2023-06-29,46,56,36,67,10,50,89,23,86,88,23,8,76,95,25,91,20,35,88,30
2023-06-30,75,14,37,94,22,70,91,78,94,94,11,60,42,68,74,24,79,40,65,42
2023-07-01,34,69,54,85,78,86,76,91,15,64,8,49,86,72,58,69,17,93,21,16
2023-07-02,14,93,46,53,37,2,6,1,53,19,40,46,53,89,4,49,13,92,91,13
2023-07-03,11,10,9,15,15,16,14,37,25,41,89,35,28,91,32,12,61,28,51,76
2023-07-04,56,80,34,16,39,41,71,68,30,92,27,99,3,67,62,58,77,59,60,87
2023-07-05,18,53,71,30,21,12,26,66,61,17,49,21,93,72,17,28,85,55,35,59
2023-07-06,38,91,87,16,67,83,21,87,41,30,98,68,29,52,64,71,20,61,84,80
2023-07-07,29,97,1,77,31,94,86,88,25,79,33,44,90,72,64,12,53,12,7,94
2023-07-08,59,0,46,28,15,81,15,16,23,71,19,32,90,56,17,85,51,83,7,16
2023-07-09,9,48,38,41,36,42,38,15,56,86,99,11,41,24,56,36,87,93,32,35
2023-07-10,53,63,75,10,5,67,47,67,30,17,11,78,40,8,24,86,48,85,94,6
2023-07-11,94,37,69,40,61,66,13,43,20,11,59,68,25,0,97,47,65,7,62,76
2023-07-12,4,52,14,14,61,61,55,51,46,48,33,25,26,90,26,37,50,74,77,72
2023-07-13,30,16,81,87,91,85,36,15,67,64,24,62,99,16,37,39,21,78,70,21
2023-07-14,85,42,55,68,87,22,59,67,88,77,91,7,42,30,49,81,49,3,67,1
2023-07-15,9,72,83,31,56,54,5,54,1,81,74,28,26,19,95,84,83,46,81,59
2023-07-16,29,43,40,35,24,39,59,19,14,69,52,35,90,46,33,21,32,27,86,89
2023-07-17,41,26,13,71,87,41,87,24,60,8,56,63,64,77,9,27,69,59,94,78
2023-07-18,47,53,65,1,36,12,23,82,54,86,88,80,76,16,26,70,30,37,93,70
2023-07-19,10,72,79,91,68,9,76,65,45,76,52,93,93,22,44,19,33,22,51,0
2023-07-20,79,15,27,17,35,7,85,41,92,4,17,83,46,5,4,89,26,41,89,66
2023-07-21,77,47,69,58,17,57,92,34,49,41,68,62,47,4,26,31,73,39,37,44
2023-07-22,43,71,67,76,20,74,29,0,63,1,9,4,60,20,80,35,33,51,77,69
2023-07-23,20,76,50,98,51,28,76,2,72,54,17,2,4,8,48,70,13,15,81,22
2023-07-24,82,9,83,73,14,33,33,13,37,67,73,20,72,26,4,19,34,3,9,35
2023-07-25,92,63,93,3,86,13,23,10,41,20,73,75,29,79,16,4,16,24,5,10
2023-07-26,30,85,85,99,9,0,56,60,23,79,95,33,94,10,47,19,58,7,50,17
2023-07-27,41,68,33,54,97,87,99,17,49,78,92,24,98,44,77,51,29,10,16,64
2023-07-28,55,43,62,50,14,26,43,39,90,94,53,26,79,18,49,99,87,92,9,46
2023-07-29,76,15,76,34,88,41,25,91,71,46,96,60,58,36,83,58,62,93,26,79
2023-07-30,81,6,72,83,53,11,7,2,36,62,57,50,41,68,88,82,71,29,94,86
2023-07-31,94,61,33,45,32,35,42,93,49,40,63,28,0,72,33,23,53,16,27,51
2023-08-01,97,24,46,52,71,52,73,86,28,83,26,80,63,56,46,54,23,49,60,38
2023-08-02,38,34,81,38,58,97,3,21,92,71,37,8,51,78,42,84,29,49,9,52
2023-08-03,86,15,60,31,35,0,53,98,14,23,22,56,18,95,69,62,0,47,80,50
2023-08-04,73,68,92,36,82,26,55,61,44,10,43,19,48,2,48,37,1,62,31,58
2023-08-05,88,86,50,47,53,39,29,15,91,6,34,16,6,17,45,55,89,68,80,55
2023-08-06,20,84,47,77,0,44,33,29,67,82,86,80,81,83,69,75,22,95,50,26
2023-08-07,45,82,69,15,43,75,69,18,74,67,24,30,41,67,95,99,68,41,6,59
2023-08-08,48,67,96,16,37,57,35,17,59,3,37,97,47,10,83,17,25,96,77,32
2023-08-09,64,48,89,56,66,14,24,2,58,56,30,23,45,10,85,83,59,90,61,49
2023-08-10,59,8,21,55,11,80,17,41,48,15,24,48,10,18,2,50,82,81,35,68
2023-08-11,98,42,91,77,17,44,93,16,5,26,0,12,42,76,21,84,98,46,99,57
2023-08-12,6,11,51,92,9,57,81,98,90,10,7,20,27,86,64,94,41,41,27,43
2023-08-13,79,69,78,83,0,23,65,44,11,6,94,84,31,63,14,13,33,28,97,2
2023-08-14,54,85,2,55,37,21,23,81,46,4,40,81,68,95,77,17,6,46,44,54
2023-08-15,67,25,98,49,71,40,68,98,15,43,69,85,63,23,64,62,4,60,53,28
2023-08-16,23,76,6,28,70,20,11,98,56,26,15,0,74,35,19,90,69,81,65,91
2023-08-17,34,15,0,3,85,61,4,10,69,38,77,93,75,18,64,59,84,20,71,59
2023-08-18,47,29,2,80,10,37,49,32,66,32,51,9,43,58,86,18,33,25,15,38
2023-08-19,90,37,27,95,71,36,74,63,85,11,53,70,99,60,14,97,45,48,25,81
2023-08-20,52,97,51,18,77,14,28,93,97,77,20,74,59,44,44,45,32,53,3,84
2023-08-21,89,39,94,77,84,89,34,81,14,97,59,69,30,3,16,14,44,29,94,84
2023-08-22,53,85,58,92,74,73,27,79,77,8,5,88,97,60,17,42,2,82,10,33
2023-08-23,56,69,90,42,19,10,65,12,65,45,41,26,90,71,52,42,36,39,85,42
2023-08-24,0,92,59,16,12,37,61,93,5,35,25,42,79,15,93,25,75,63,54,84
2023-08-25,60,78,58,72,4,64,88,65,81,99,15,68,89,2,17,24,88,97,91,47
2023-08-26,66,10,97,94,59,14,94,89,99,50,34,37,49,91,12,64,91,27,52,79
2023-08-27,51,52,76,16,71,91,10,6,8,73,39,46,72,52,60,85,45,87,52,40
2023-08-28,26,73,62,80,54,86,28,73,39,11,52,23,6,36,97,89,97,2,15,23
2023-08-29,73,97,40,58,8,62,90,65,65,48,44,36,82,64,29,51,11,4,13,86
2023-08-30,25,96,33,40,81,22,90,65,6,95,28,23,89,32,72,3,92,40,17,98
2023-08-31,74,79,50,68,29,51,38,42,0,81,21,47,65,3,34,26,13,81,54,45
2023-09-01,13,51,26,12,52,68,5,5,73,20,15,96,17,68,81,32,46,55,20,29
2023-09-02,96,27,81,53,64,45,58,54,48,80,88,25,13,81,21,86,10,9,18,1
2023-09-03,74,39,94,36,70,68,32,89,39,55,39,43,5,31,94,83,88,71,65,89
2023-09-04,53,91,41,59,47,1,19,92,59,4,96,92,71,28,29,86,6,23,16,71
2023-09-05,38,91,80,98,29,47,65,97,34,32,62,66,18,45,37,42,14,64,18,2
2023-09-06,49,3,66,59,56,9,12,66,3,11,76,16,49,9,23,87,75,18,21,47
2023-09-07,63,58,28,94,83,65,90,29,29,30,16,13,90,85,54,66,23,2,44,66
2023-09-08,67,60,92,20,26,7,93,45,40,98,42,33,20,43,68,91,19,69,0,80
2023-09-09,28,3,39,89,23,28,16,98,43,94,9,44,47,25,49,35,24,36,63,46
2023-09-10,40,85,64,63,22,75,3,21,41,88,2,44,11,23,40,9,82,8,58,16
2023-09-11,10,46,34,4,6,29,78,85,6,17,33,65,28,22,58,68,48,66,0,32
2023-09-12,60,65,19,33,22,89,29,88,88,52,87,7,12,40,69,97,46,0,18,43
2023-09-13,68,58,87,26,53,14,64,76,51,44,18,93,60,81,2,25,48,53,40,33
2023-09-14,45,36,4,69,77,31,96,98,56,79,54,26,7,34,18,92,97,53,56,93
2023-09-15,74,16,95,57,2,19,79,12,85,78,3,33,50,7,57,98,60,49,86,96
2023-09-16,90,3,9,61,22,52,83,93,33,84,50,65,12,6,78,59,82,11,17,6
2023-09-17,65,61,42,13,2,25,0,94,17,26,79,99,62,25,45,5,10,70,82,27
2023-09-18,73,64,50,28,98,24,20,10,65,90,13,10,90,66,96,71,77,46,23,56
2023-09-19,35,46,51,2,60,35,81,5,55,36,9,41,40,75,15,83,4,51,64,1
2023-09-20,6,27,38,34,97,16,89,94,17,75,99,24,50,75,73,83,34,12,67,33
2023-09-21,64,47,45,88,64,62,97,26,68,35,59,81,92,42,83,33,66,87,68,70
2023-09-22,83,25,74,63,54,97,41,23,83,18,74,92,82,63,92,48,7,73,71,86
2023-09-23,40,14,10,34,79,52,17,24,34,48,83,99,59,38,18,51,61,32,32,82
2023-09-24,65,45,55,50,17,87,9,21,56,46,59,91,28,15,12,5,79,45,25,67
2023-09-25,77,93,39,68,27,86,90,63,65,65,59,43,74,97,74,30,50,59,8,49
2023-09-26,10,51,8,36,95,0,27,37,59,96,63,89,16,28,88,0,45,45,94,44
2023-09-27,90,58,29,14,49,1,33,52,55,44,96,14,99,69,82,63,21,75,84,75
2023-09-28,87,6,96,93,89,63,84,60,49,93,20,85,44,29,50,63,18,75,39,70
2023-09-29,15,5,16,18,76,49,76,74,24,91,76,8,57,41,45,36,49,35,46,54
2023-09-30,73,15,13,49,47,56,61,27,64,49,49,59,61,61,83,49,94,94,33,88
2023-10-01,42,97,92,43,34,68,36,66,42,50,37,79,60,68,82,79,50,25,36,55
2023-10-02,23,78,22,33,63,69,39,75,90,16,91,53,44,79,78,68,40,26,36,57
2023-10-03,56,92,45,66,66,73,99,80,3,81,99,3,59,59,52,87,81,17,10,16
2023-10-04,88,9,64,68,21,22,83,42,49,39,18,43,26,30,20,62,28,16,80,57
2023-10-05,85,78,37,56,98,35,23,16,93,24,92,59,59,40,39,32,72,73,53,44
2023-10-06,63,49,82,6,90,52,50,39,53,22,49,39,29,21,86,85,48,23,45,92
2023-10-07,77,80,70,72,14,34,83,17,7,84,78,15,52,4,14,25,70,30,81,2
2023-10-08,0,29,73,95,31,55,4,0,1,9,87,64,89,83,76,35,13,10,2,17
2023-10-09,1,68,38,52,47,28,11,54,86,74,93,35,84,72,94,28,80,50,43,46
2023-10-10,43,87,94,66,19,42,35,67,7,65,46,26,6,5,89,57,55,1,77,21
2023-10-11,38,64,13,79,83,51,36,25,72,34,80,73,35,22,35,34,95,62,65,28
2023-10-12,36,46,97,66,15,99,26,62,87,61,92,84,3,68,72,37,90,80,36,22
2023-10-13,21,22,58,64,14,54,25,91,85,11,25,94,29,81,5,38,61,39,79,97
2023-10-14,51,46,70,75,5,43,49,30,75,88,84,63,79,23,2,51,40,88,78,38
2023-10-15,1,27,36,67,90,22,78,72,35,1,3,61,84,63,77,50,26,3,81,47
2023-10-16,87,37,27,66,60,70,9,8,57,54,9,43,63,54,18,92,3,27,6,28
2023-10-17,68,2,3,20,2,39,23,32,83,43,1,54,10,5,32,27,11,29,48,25
2023-10-18,3,89,65,70,40,57,70,35,83,77,28,33,18,50,81,56,35,41,69,51
2023-10-19,55,60,73,62,68,66,92,73,54,89,90,35,80,98,20,39,41,61,96,30
2023-10-20,75,77,69,58,57,28,13,33,22,65,85,15,65,12,38,17,29,85,41,10
2023-10-21,19,84,41,93,56,50,45,77,83,12,40,28,89,73,29,40,41,93,47,1
2023-10-22,73,9,63,51,76,55,17,89,90,42,60,55,53,9,49,22,79,84,1,73
2023-10-23,11,0,1,46,81,31,92,42,18,45,62,50,44,18,69,35,97,40,22,85
2023-10-24,20,16,71,29,41,45,78,57,74,98,71,27,76,84,43,65,49,12,72,44
2023-10-25,34,46,58,75,90,68,99,15,15,79,63,86,67,1,67,21,44,69,65,38
2023-10-26,71,94,23,11,13,45,29,46,8,24,34,93,29,4,31,93,42,81,26,13
2023-10-27,49,70,84,24,98,48,50,85,40,75,56,13,3,93,86,98,67,64,20,64
2023-10-28,48,37,68,8,50,75,82,49,35,57,12,9,81,12,41,41,98,70,76,66
2023-10-29,27,36,18,54,7,90,19,21,48,31,16,98,27,73,72,24,27,53,86,73
2023-10-30,30,4,60,47,34,64,95,90,66,95,39,10,45,66,80,93,51,37,28,60
2023-10-31,69,63,19,44,7,52,21,88,80,73,11,44,18,4,40,31,91,92,93,1
2023-11-01,51,1,60,50,43,5,10,31,24,17,85,2,21,91,87,35,80,15,64,88
2023-11-02,47,16,57,74,86,37,28,68,24,24,18,36,43,72,10,42,65,54,78,89
2023-11-03,21,90,88,36,81,51,81,74,96,22,73,1,92,19,37,84,47,66,36,55
2023-11-04,84,89,45,72,46,93,72,43,49,18,94,25,18,45,72,68,25,26,23,60
2023-11-05,95,88,50,37,39,80,65,4,7,48,53,96,14,80,89,37,16,24,66,6
2023-11-06,88,75,79,74,12,73,59,5,28,42,54,18,52,95,35,15,46,45,91,46
2023-11-07,24,22,3,74,26,78,55,71,20,15,41,35,50,74,90,59,22,29,90,20
2023-11-08,9,92,2,74,14,66,18,89,4,30,78,56,42,43,50,99,67,48,32,50
2023-11-09,92,21,34,6,62,76,63,81,77,97,45,8,53,77,40,44,73,1,65,70
2023-11-10,97,72,13,49,40,40,78,58,73,74,68,75,21,9,16,80,95,93,1,99
2023-11-11,88,19,55,98,47,95,54,34,16,10,70,32,40,93,19,37,90,94,80,38
2023-11-12,12,78,83,71,33,65,70,88,13,26,40,81,89,27,50,60,16,79,47,89
2023-11-13,54,83,4,43,41,19,56,75,49,83,29,29,16,78,14,14,0,38,43,45
2023-11-14,76,41,0,60,17,2,77,24,75,64,88,35,65,56,78,32,59,54,4,3
2023-11-15,90,64,61,74,1,23,65,71,62,41,58,69,40,56,7,16,77,38,77,67
2023-11-16,36,77,12,16,40,65,29,32,86,89,91,2,79,76,25,22,3,82,60,1
2023-11-17,22,83,60,85,14,95,20,30,92,31,59,34,73,31,44,8,92,90,80,87
2023-11-18,60,8,7,78,51,27,3,98,9,36,68,62,12,62,33,17,61,90,75,16
2023-11-19,17,46,2,2,25,10,54,4,24,5,53,35,8,35,0,82,36,66,70,55
2023-11-20,58,42,40,30,7,34,46,13,90,0,22,67,82,47,58,27,95,64,13,73
2023-11-21,12,40,49,72,99,37,67,67,18,64,87,55,47,64,80,22,16,65,3,82
2023-11-22,30,11,76,22,40,41,82,26,63,99,59,14,28,53,32,51,54,73,62,69
2023-11-23,21,42,82,75,18,6,65,44,41,2,38,17,3,39,82,89,23,27,9,90
2023-11-24,6,93,64,78,21,60,10,65,60,82,64,97,49,55,7,10,17,11,13,26
2023-11-25,27,69,48,92,34,6,84,84,36,7,88,93,99,39,12,37,58,4,27,94
2023-11-26,4,15,58,95,94,25,61,96,62,22,69,51,49,48,11,78,34,18,44,64
2023-11-27,55,81,84,62,55,56,39,46,52,80,74,19,97,96,27,99,52,22,72,4
2023-11-28,68,83,35,33,27,40,57,76,88,54,47,37,59,14,46,50,62,6,42,76
2023-11-29,78,54,87,75,79,79,72,85,9,50,82,10,15,40,56,72,56,21,84,26
2023-11-30,85,49,4,47,65,87,58,99,38,24,44,65,9,9,62,38,78,26,43,51
2023-12-01,94,0,21,9,99,13,82,52,78,30,47,97,9,62,95,12,84,27,20,16
2023-12-02,73,3,42,69,13,22,15,2,45,49,94,72,97,75,97,24,16,39,49,82
2023-12-03,54,95,28,57,65,15,78,63,19,41,64,73,41,72,26,30,1,48,18,60
2023-12-04,96,99,37,73,96,52,33,15,17,85,25,27,74,83,20,68,44,27,52,77
2023-12-05,9,7,91,96,52,14,7,15,28,68,11,13,71,25,21,58,7,62,1,23
2023-12-06,45,63,20,87,91,48,27,11,93,13,29,32,26,0,20,74,20,76,41,8
2023-12-07,82,63,61,15,62,79,99,67,43,81,5,41,73,35,5,11,16,83,72,76
2023-12-08,90,30,74,36,78,69,98,75,0,69,10,54,15,49,79,28,15,31,17,18
2023-12-09,69,70,52,25,52,94,38,42,49,17,24,69,16,60,38,30,54,22,30,52
2023-12-10,65,83,82,49,7,18,0,18,3,71,54,3,61,81,2,12,47,4,2,58
2023-12-11,56,80,7,89,1,30,4,24,81,12,20,61,2,60,89,6,0,40,84,93
2023-12-12,80,64,42,78,75,18,71,79,90,72,73,90,19,55,89,63,93,5,21,22
2023-12-13,7,62,40,24,72,67,3,43,72,10,79,61,71,25,74,17,86,20,26,67
2023-12-14,33,30,6,82,45,39,24,55,55,0,8,61,28,98,24,15,4,68,29,27
2023-12-15,11,5,23,39,66,10,36,99,68,99,7,40,23,94,90,56,30,54,87,57
2023-12-16,76,68,9,75,20,87,30,56,28,0,78,71,92,57,18,17,38,33,40,22
2023-12-17,98,8,73,56,55,61,90,67,27,26,82,47,70,37,73,42,49,92,49,22
2023-12-18,53,0,27,60,7,45,59,22,21,66,97,30,20,98,83,93,4,93,83,29
2023-12-19,62,17,41,60,11,96,92,86,12,66,89,13,64,20,68,64,87,48,75,19
2023-12-20,64,87,72,87,62,55,91,32,74,69,81,49,49,3,93,38,55,19,61,34
2023-12-21,58,73,60,3,80,56,23,32,81,93,81,88,48,41,81,39,70,61,15,30
2023-12-22,21,12,42,19,7,20,61,80,46,60,65,65,98,60,54,86,62,45,74,22
2023-12-23,67,76,63,18,51,80,40,92,4,66,23,64,94,57,43,85,46,56,30,54
2023-12-24,71,50,21,1,21,85,95,56,82,4,85,28,17,27,49,58,0,34,70,75
2023-12-25,23,24,67,60,49,54,49,40,78,88,63,26,97,8,95,55,71,42,35,22
2023-12-26,11,31,25,53,85,8,74,26,64,62,73,1,0,16,98,34,62,30,48,43
2023-12-27,18,35,19,27,41,79,19,19,24,78,24,81,32,30,37,44,41,39,99,69
2023-12-28,88,89,42,77,47,59,73,58,50,1,96,3,12,4,62,30,89,59,78,14
2023-12-29,41,62,18,38,75,68,90,55,20,87,96,48,8,25,75,0,29,36,78,43
2023-12-30,52,67,78,33,17,18,16,11,44,18,78,0,95,1,32,75,87,8,80,75
2023-12-31,45,62,36,31,3,0,52,1,12,9,63,66,75,97,97,20,35,56,4,19
2024-01-01,85,40,48,73,80,86,89,29,64,11,96,26,39,93,63,28,8,48,59,66
2024-01-02,16,70,36,94,65,91,3,90,87,51,97,74,99,75,91,19,19,50,72,26
2024-01-03,41,17,92,74,3,2,99,39,60,94,95,9,63,99,17,66,77,7,38,20
2024-01-04,5,9,34,57,95,93,87,77,4,40,77,96,46,70,99,62,77,96,71,13
2024-01-05,97,80,26,98,7,93,84,27,86,6,95,60,52,99,2,51,73,11,1,61
2024-01-06,33,48,62,38,21,23,18,71,13,97,0,30,80,9,58,29,96,21,7,61
2024-01-07,37,90,91,79,12,65,9,2,19,49,45,77,52,26,13,56,67,21,63,86
2024-01-08,24,81,95,93,14,4,72,38,17,44,54,16,3,78,45,24,95,75,40,27
2024-01-09,72,72,88,1,62,28,97,2,48,71,75,63,47,90,57,52,85,44,60,32
2024-01-10,21,46,33,3,48,65,5,56,31,4,9,71,53,95,68,96,28,58,55,52
2024-01-11,89,52,26,70,26,8,58,13,71,43,86,40,39,42,71,15,34,26,38,91
2024-01-12,63,50,12,57,79,36,90,35,16,82,56,51,92,82,99,69,57,53,35,18
2024-01-13,82,0,88,26,23,0,35,8,18,68,41,1,31,0,91,86,35,24,10,70
2024-01-14,12,66,25,72,39,13,27,69,68,59,32,63,4,60,78,13,81,90,95,3
2024-01-15,89,6,37,54,22,34,90,17,53,82,24,93,98,26,47,1,96,13,42,67
2024-01-16,65,65,1,73,74,54,73,0,16,7,31,20,18,41,62,54,83,39,40,1
2024-01-17,76,60,12,19,17,40,3,77,31,91,27,36,92,16,84,15,49,87,15,3
2024-01-18,23,26,40,74,4,57,72,80,96,82,10,17,72,21,24,84,46,39,46,25
2024-01-19,8,97,29,51,5,14,10,5,65,1,45,66,36,15,22,15,29,35,39,22
2024-01-20,23,63,2,44,92,76,33,54,98,71,58,55,89,19,57,35,46,3,79,18
2024-01-21,56,92,25,32,40,54,23,73,62,9,50,35,35,98,40,2,35,59,52,7
2024-01-22,16,76,0,23,98,65,24,19,41,64,17,74,4,19,59,70,67,26,38,3
2024-01-23,0,41,54,82,96,59,81,13,81,25,40,2,46,65,25,80,92,57,24,70
2024-01-24,29,16,28,43,22,33,39,75,85,82,19,80,64,23,37,34,43,84,41,5
2024-01-25,73,78,57,47,77,2,58,95,79,27,91,20,54,62,3,12,54,18,41,70
2024-01-26,62,87,92,92,39,12,66,91,76,69,80,40,50,19,67,34,26,25,51,53
2024-01-27,82,91,30,33,28,30,72,62,7,57,84,6,90,25,32,39,14,9,24,0
2024-01-28,57,13,9,56,59,65,50,88,12,78,41,90,23,94,86,17,43,24,14,38
2024-01-29,53,40,33,32,16,22,52,15,82,73,98,31,18,7,34,92,59,95,91,37
2024-01-30,43,29,74,56,6,91,78,93,24,75,63,12,25,19,15,64,86,98,21,67
2024-01-31,7,23,84,94,97,46,73,36,70,15,12,98,31,89,2,83,93,1,38,80
2024-02-01,0,30,25,13,8,24,19,97,2,12,80,76,46,38,34,97,86,26,46,74
2024-02-02,82,12,95,81,50,50,50,81,54,81,86,70,4,44,25,4,64,51,6,62
2024-02-03,19,93,69,0,87,6,1,39,15,81,94,78,36,29,34,8,90,24,25,71
2024-02-04,61,95,98,41,92,95,85,93,59,11,85,30,92,51,48,83,38,10,78,29
2024-02-05,84,91,39,67,1,79,45,26,87,40,82,42,94,67,66,12,74,52,71,86
2024-02-06,70,49,85,73,76,91,13,49,12,74,43,72,12,62,11,35,53,69,50,73
2024-02-07,17,64,38,15,85,97,23,15,76,99,41,79,14,22,14,66,58,66,16,8
2024-02-08,53,52,42,68,41,85,77,33,89,49,46,72,95,3,17,80,44,85,35,97
2024-02-09,21,94,78,97,16,35,19,82,26,52,19,70,74,11,68,16,95,87,20,34
2024-02-10,59,80,94,41,48,15,34,99,93,41,22,57,42,75,62,66,37,61,68,64
2024-02-11,69,89,26,15,3,70,33,50,7,92,58,12,40,31,86,87,79,38,94,27
2024-02-12,66,52,43,18,23,82,66,93,68,6,11,72,25,24,40,74,63,19,89,97
2024-02-13,79,19,79,52,2,66,97,43,6,23,55,79,18,21,92,88,91,17,93,33
2024-02-14,51,45,97,26,95,95,91,35,37,20,47,24,62,86,94,43,43,51,91,7
2024-02-15,30,19,77,37,96,97,88,50,93,37,39,47,69,6,53,96,6,8,94,83
2024-02-16,0,45,30,16,5,24,65,30,30,26,9,59,73,98,22,16,70,32,50,70
2024-02-17,41,37,43,45,0,18,60,1,27,44,44,4,87,9,87,99,17,7,12,85
2024-02-18,97,59,94,76,56,91,46,41,71,74,35,47,21,11,35,49,15,16,12,87
2024-02-19,69,14,66,48,56,82,47,28,78,15,92,94,34,77,92,91,11,16,49,55
2024-02-20,34,7,42,28,44,27,43,58,36,21,39,26,6,63,63,31,95,78,90,46
2024-02-21,52,69,58,66,43,13,81,38,60,36,48,63,57,14,23,17,57,39,24,4
2024-02-22,76,5,38,45,45,13,70,22,62,37,52,45,95,34,15,36,49,6,91,19
2024-02-23,93,40,55,68,6,41,28,16,66,16,58,39,97,90,0,81,16,47,81,28
2024-02-24,73,24,87,43,19,5,60,68,68,49,40,61,3,23,25,77,44,4,89,38
2024-02-25,7,41,94,80,59,75,51,80,84,33,44,22,68,13,47,96,46,6,1,95
2024-02-26,70,70,36,50,55,76,50,30,53,68,5,47,34,89,38,62,45,81,92,8
2024-02-27,1,70,63,55,43,74,70,41,32,96,40,20,96,70,55,76,22,55,27,86
2024-02-28,13,21,24,43,13,54,73,0,88,85,5,6,57,31,49,56,63,73,85,60
2024-02-29,10,13,61,70,75,51,60,97,34,21,96,91,0,40,73,17,3,3,56,23
2024-03-01,25,1,72,84,73,13,95,96,25,98,44,4,57,52,85,35,76,78,3,67
2024-03-02,47,20,41,85,68,62,8,66,75,94,79,7,94,79,0,71,30,60,28,73
2024-03-03,18,83,7,2,13,38,65,48,47,86,55,50,41,97,24,15,49,67,2,85
2024-03-04,28,64,17,87,35,18,1,30,37,3,55,45,49,13,38,96,35,79,12,12
2024-03-05,99,64,66,42,76,92,8,17,86,7,35,8,40,44,18,8,41,51,73,72
2024-03-06,6,43,84,59,85,95,33,13,8,12,68,11,95,65,95,56,20,16,76,0
2024-03-07,87,2,60,38,61,78,11,94,59,38,97,81,16,8,92,58,46,7,54,27
2024-03-08,19,39,3,59,62,69,2,17,77,57,0,73,41,26,75,36,45,86,14,56
2024-03-09,10,97,31,91,36,84,76,23,64,23,1,30,71,17,62,76,31,10,59,13
2024-03-10,0,13,26,67,33,91,74,98,66,2,14,26,70,64,20,69,27,66,31,21
2024-03-11,49,98,64,35,51,43,3,67,20,53,7,79,1,32,38,77,97,19,13,62
2024-03-12,21,2,23,23,55,45,33,28,26,86,46,85,99,49,92,17,30,65,23,59
2024-03-13,89,97,53,73,60,41,35,61,34,74,12,71,51,8,83,54,73,12,15,87
2024-03-14,46,29,51,37,97,19,53,33,16,68,13,27,48,42,91,65,6,14,58,22
2024-03-15,19,98,70,30,2,79,57,31,52,89,6,73,86,52,96,23,72,42,37,63
2024-03-16,60,36,37,47,99,79,36,36,89,77,65,71,5,9,31,47,71,78,88,27
2024-03-17,74,99,20,6,89,13,71,38,35,94,35,40,1,18,36,66,6,34,36,79
2024-03-18,27,89,94,22,37,73,26,82,97,63,16,0,40,22,77,46,63,60,3,70
2024-03-19,82,47,58,14,65,93,71,1,30,95,66,32,60,16,92,38,19,7,3,64
2024-03-20,68,65,31,79,83,60,61,19,85,8,80,41,9,6,98,56,44,92,46,84
2024-03-21,85,75,9,95,62,40,76,7,17,67,62,52,67,94,13,34,29,93,18,36
2024-03-22,90,67,3,96,6,52,24,63,28,81,56,31,86,77,49,49,46,54,85,7
2024-03-23,38,75,96,15,4,80,97,71,55,23,95,72,69,88,87,8,1,22,91,53
2024-03-24,64,34,42,30,94,41,83,15,31,18,29,66,14,53,0,98,3,75,86,99
2024-03-25,65,60,55,76,87,52,72,96,11,58,6,43,72,38,10,82,24,50,14,98
2024-03-26,38,82,38,34,24,40,87,66,5,54,49,68,75,56,87,64,33,37,85,25
2024-03-27,14,75,42,22,82,18,73,34,71,77,15,82,61,85,3,75,98,70,91,41
2024-03-28,70,56,33,62,36,94,79,87,63,84,36,66,33,59,7,79,42,98,85,61
2024-03-29,26,62,75,47,59,87,13,49,86,39,88,55,40,99,16,34,21,98,15,11
2024-03-30,26,60,26,32,53,63,57,61,67,87,67,72,39,94,80,58,44,1,98,14
2024-03-31,50,34,32,41,57,1,15,61,73,67,99,4,51,41,19,89,14,50,19,43
2024-04-01,79,70,70,21,2,72,10,39,84,40,46,95,90,9,86,49,79,35,95,79
2024-04-02,44,36,21,27,44,35,64,63,19,26,4,38,47,10,8,26,49,98,91,39
2024-04-03,55,55,34,85,29,42,90,34,51,87,32,96,20,68,6,53,15,62,61,41
2024-04-04,92,89,73,71,6,32,20,38,10,31,57,16,10,70,24,47,83,37,9,78
2024-04-05,73,61,53,75,35,32,62,16,63,86,51,8,66,86,19,61,19,81,25,62
2024-04-06,58,37,90,90,34,34,65,28,30,2,9,65,32,8,93,29,20,52,83,87
2024-04-07,30,74,52,59,44,17,82,54,40,67,42,84,13,2,56,25,11,3,77,95
2024-04-08,61,77,83,80,32,0,62,94,88,0,90,1,53,85,41,68,23,97,4,63
2024-04-09,3,4,27,1,20,15,91,4,61,67,82,36,18,12,14,52,59,78,80,84
2024-04-10,15,74,7,88,52,64,61,55,52,92,34,77,36,4,37,15,44,8,78,59
2024-04-11,3,64,95,6,35,89,3,91,98,38,46,98,5,31,6,74,65,86,19,54
2024-04-12,71,28,88,19,11,28,79,71,89,61,91,54,91,87,47,0,98,49,74,45
2024-04-13,36,35,35,57,80,56,52,30,46,17,74,78,23,56,28,97,29,86,70,96
2024-04-14,71,60,46,47,0,99,56,58,18,43,21,21,54,24,66,37,37,70,67,40
2024-04-15,93,32,71,79,21,47,2,33,26,77,22,2,2,76,14,64,20,22,80,68
2024-04-16,65,92,87,84,13,16,98,57,54,50,73,59,14,10,30,87,40,87,57,92
2024-04-17,88,37,55,70,4,15,73,91,30,39,87,26,92,14,25,3,9,25,65,20
2024-04-18,93,34,51,66,13,68,12,82,48,8,70,7,97,45,38,31,44,78,52,64
2024-04-19,5,85,52,52,25,7,33,81,54,26,59,35,22,73,16,58,73,6,69,1
2024-04-20,81,27,15,13,43,28,46,84,10,26,11,63,62,84,72,69,16,81,0,71
2024-04-21,81,22,31,24,81,42,36,50,73,66,70,94,25,20,64,14,64,95,45,21
2024-04-22,99,38,11,41,8,8,4,45,45,73,54,86,87,17,4,70,0,39,5,45
2024-04-23,44,84,64,40,50,54,22,77,46,63,3,11,58,74,32,94,84,52,63,59
2024-04-24,30,6,80,46,84,37,1,12,15,73,3,81,69,32,52,93,6,36,39,96
2024-04-25,97,84,38,88,48,64,92,24,86,39,87,54,24,76,11,14,14,84,87,57
2024-04-26,27,39,18,0,83,19,7,13,92,36,64,3,52,74,6,29,32,88,66,86
2024-04-27,37,59,51,27,42,24,1,96,95,82,17,2,19,87,15,23,69,47,65,56
2024-04-28,57,87,21,13,40,53,49,53,48,51,93,4,94,58,4,5,57,68,52,44
2024-04-29,27,60,89,42,69,1,44,76,84,53,56,13,29,66,76,8,96,95,18,4
2024-04-30,34,95,44,31,89,13,94,80,38,78,75,57,78,50,84,79,90,79,92,17
2024-05-01,27,45,24,89,17,45,52,87,25,96,29,16,25,88,15,3,29,54,35,16
2024-05-02,36,69,43,57,94,74,80,28,51,34,48,11,51,52,57,23,22,36,53,33
2024-05-03,70,58,11,22,60,53,33,17,92,44,21,72,25,26,82,90,46,63,36,63
2024-05-04,72,72,4,9,70,53,94,10,98,13,3,89,50,28,57,37,98,77,65,32
2024-05-05,2,79,4,11,58,75,40,58,97,28,4,22,44,77,41,58,56,48,15,6
2024-05-06,20,27,18,19,60,45,25,23,14,69,47,66,37,8,82,4,36,58,66,48
2024-05-07,79,47,83,24,47,3,57,40,68,74,43,60,73,83,10,54,92,28,62,28
2024-05-08,80,74,94,69,48,54,77,73,11,29,68,10,65,86,36,21,85,48,83,7
2024-05-09,21,0,44,88,64,1,2,72,9,22,69,24,49,39,34,25,40,18,95,31
2024-05-10,72,29,26,48,73,0,17,77,35,85,13,81,62,16,1,88,28,24,18,35
2024-05-11,52,47,85,19,74,90,3,75,27,44,6,29,11,23,3,93,89,65,32,94
2024-05-12,97,79,68,32,88,49,63,17,2,98,62,68,5,42,28,83,48,38,14,38
2024-05-13,36,78,84,37,41,97,37,62,13,42,24,24,23,47,29,81,44,5,43,9
2024-05-14,14,13,79,42,0,51,20,71,94,17,27,71,63,82,64,19,83,16,8,93
2024-05-15,58,33,25,8,55,87,67,76,59,0,44,3,8,17,88,21,45,87,67,13
2024-05-16,46,77,44,21,64,40,51,12,90,92,30,29,17,58,19,61,94,18,22,9
2024-05-17,31,88,1,63,38,31,17,83,82,4,57,41,0,30,18,76,44,79,96,40
2024-05-18,55,97,16,5,46,48,92,45,44,49,44,89,61,79,15,87,97,95,98,69
2024-05-19,67,6,28,78,36,62,58,58,37,88,24,77,2,83,75,97,12,80,30,24
2024-05-20,20,71,94,65,26,39,24,6,76,10,64,42,7,30,7,62,66,89,28,17
2024-05-21,47,81,56,94,8,71,66,24,20,38,32,33,72,9,74,49,17,66,37,13
2024-05-22,58,31,28,47,51,70,49,53,57,92,10,66,3,25,79,36,2,51,43,92
2024-05-23,94,27,82,51,54,11,83,60,95,78,46,85,31,86,11,33,86,2,86,4
2024-05-24,65,63,5,83,8,85,98,67,93,62,98,79,67,98,48,48,85,67,14,30
2024-05-25,58,1,51,23,23,89,28,89,53,92,72,41,3,89,70,13,93,48,2,29
2024-05-26,85,41,80,40,13,19,88,18,93,28,97,9,54,3,25,85,18,89,58,72
2024-05-27,35,98,82,91,14,26,84,66,38,46,43,55,48,45,32,44,17,19,68,96
2024-05-28,21,91,62,95,39,69,54,97,6,5,86,5,90,9,11,33,72,57,90,62
2024-05-29,59,57,40,63,97,97,11,45,59,71,30,98,41,28,78,58,90,10,5,94
2024-05-30,44,21,74,99,99,96,15,85,12,35,17,35,24,89,98,17,12,16,56,88
2024-05-31,74,42,95,53,78,49,66,37,5,61,28,55,65,45,15,80,17,12,31,5
2024-06-01,35,75,79,45,18,97,82,0,60,94,92,39,61,61,72,94,46,6,72,94
2024-06-02,87,2,88,14,97,74,12,10,27,22,0,89,12,98,26,57,69,30,45,77
2024-06-03,6,36,78,33,5,18,67,96,22,51,24,92,90,39,3,60,62,61,29,2
2024-06-04,3,77,53,27,91,88,81,62,61,53,18,72,52,54,68,37,70,24,86,98
2024-06-05,59,38,28,89,32,81,40,87,43,57,12,97,56,61,12,69,42,42,47,53
2024-06-06,80,34,88,11,53,67,97,39,67,78,83,91,34,84,95,46,69,32,25,27
2024-06-07,5,57,86,28,3,28,77,44,76,21,64,73,80,68,91,12,55,44,99,54
2024-06-08,68,91,14,33,32,11,56,30,16,2,2,39,61,21,91,21,27,30,15,99
2024-06-09,71,30,97,63,76,34,21,44,41,98,14,13,62,56,54,41,36,8,79,44
2024-06-10,89,49,90,92,55,79,10,11,70,5,71,23,23,36,92,71,75,78,83,17
2024-06-11,94,39,56,81,85,50,54,40,4,64,67,47,4,56,10,45,79,22,91,70
2024-06-12,25,22,7,87,6,62,75,25,38,29,80,99,97,6,67,58,93,57,45,44
2024-06-13,85,67,7,93,67,15,46,25,59,55,97,5,45,18,2,77,75,93,58,25
2024-06-14,36,60,62,4,91,92,79,24,34,70,30,38,66,3,13,3,26,48,84,17
2024-06-15,35,0,46,2,32,83,93,36,28,75,69,37,90,45,93,88,94,10,26,37
2024-06-16,74,29,20,34,31,81,98,30,5,72,48,43,35,47,13,61,92,91,73,38
2024-06-17,92,65,50,28,75,79,55,28,38,62,22,47,4,80,38,44,88,39,47,29
2024-06-18,80,43,48,49,67,54,43,65,63,71,46,98,57,79,46,33,52,57,30,75
2024-06-19,42,66,28,48,35,41,67,15,24,35,27,17,81,16,64,45,16,29,10,9
2024-06-20,35,75,39,56,12,88,33,18,35,96,62,12,16,76,84,8,29,4,12,13
2024-06-21,43,1,71,40,40,96,33,4,40,46,47,46,33,54,87,35,53,84,39,13
2024-06-22,43,50,86,85,76,38,27,44,31,97,8,50,38,77,59,6,67,49,61,9
2024-06-23,50,52,14,61,90,2,25,32,54,74,66,46,95,34,78,82,10,4,98,35
2024-06-24,66,2,76,35,58,4,10,82,55,77,16,32,85,58,66,20,55,73,17,29
2024-06-25,0,96,89,9,83,54,96,50,20,85,93,53,40,77,8,84,86,29,1,0
2024-06-26,97,78,35,88,89,90,50,82,3,15,63,10,4,10,45,48,92,42,51,81
2024-06-27,81,32,72,88,82,32,73,73,24,66,8,27,2,13,10,94,16,7,75,64
2024-06-28,63,89,66,66,45,56,76,35,3,42,37,18,70,80,15,48,32,56,9,93
2024-06-29,6,82,19,77,28,78,91,93,86,42,42,95,89,48,39,9,36,47,83,32
2024-06-30,30,2,3,80,16,96,6,80,11,63,75,22,56,78,17,52,53,76,36,64
2024-07-01,95,70,1,15,39,40,33,44,94,80,13,44,68,16,5,95,78,88,78,67
2024-07-02,76,52,25,9,59,21,82,53,99,38,41,26,28,47,6,83,9,90,39,45
2024-07-03,96,73,27,30,14,63,66,88,28,6,21,96,98,35,48,84,47,95,83,74
2024-07-04,62,20,18,86,24,24,84,4,71,61,3,18,29,22,16,85,92,17,57,43
2024-07-05,37,95,4,97,31,56,93,64,76,9,56,31,41,23,61,53,12,72,28,58
2024-07-06,86,39,63,86,62,98,8,36,70,48,25,33,72,78,63,88,52,82,10,98
2024-07-07,87,89,88,84,8,91,16,86,55,28,31,26,72,73,42,42,21,39,66,62
2024-07-08,12,73,98,81,0,82,2,13,24,49,84,81,37,47,17,95,27,20,98,21
2024-07-09,18,98,7,3,45,29,87,73,54,1,26,89,24,2,23,75,85,28,23,83
2024-07-10,19,36,38,39,7,84,21,36,63,80,58,36,0,49,56,35,62,78,3,81
2024-07-11,59,32,69,70,75,41,57,47,36,12,91,12,64,39,82,47,18,15,39,53
2024-07-12,62,84,37,78,22,87,9,80,26,65,54,57,98,59,21,41,9,33,29,64
2024-07-13,91,28,84,87,63,69,79,37,98,38,8,73,33,2,17,36,21,13,16,62
2024-07-14,12,78,84,72,24,57,6,94,0,22,8,99,4,0,10,88,40,94,95,72
2024-07-15,16,97,43,46,63,71,96,97,41,14,91,11,55,16,35,52,70,97,91,52
2024-07-16,31,53,36,45,91,51,4,68,28,21,76,16,60,81,30,47,57,64,97,88
2024-07-17,20,54,15,6,36,31,57,64,38,86,84,72,35,24,11,25,95,41,41,47
2024-07-18,64,92,11,82,44,27,54,54,13,9,62,73,61,35,55,90,92,23,9,65
2024-07-19,17,80,28,15,81,20,0,82,9,41,39,14,3,8,42,95,72,71,66,76
2024-07-20,52,98,60,63,2,75,35,77,84,2,38,90,12,74,32,50,90,63,43,69
2024-07-21,22,1,61,86,69,51,14,8,27,96,46,80,1,47,24,95,19,4,16,6
2024-07-22,31,99,93,57,83,39,89,21,40,12,93,33,24,22,47,50,67,80,70,49
2024-07-23,53,97,44,32,64,67,93,35,50,62,70,4,90,17,22,69,19,13,94,64
2024-07-24,94,6,3,27,3,43,96,35,73,64,3,23,63,9,45,67,33,31,72,41
2024-07-25,53,19,78,59,97,75,59,61,33,44,67,51,95,55,1,12,4,90,31,83
2024-07-26,44,92,48,86,67,26,57,26,19,31,29,49,63,96,46,76,49,43,41,87
2024-07-27,14,29,72,29,0,21,2,29,32,95,80,12,12,99,67,62,58,14,26,43
2024-07-28,44,97,4,1,91,87,28,32,59,20,87,26,5,53,73,95,62,10,66,9
2024-07-29,19,29,5,36,76,5,49,22,56,49,16,85,50,98,98,25,88,71,43,81
2024-07-30,42,49,37,84,90,15,58,11,88,22,3,74,66,41,61,77,17,30,48,63
2024-07-31,61,49,66,2,32,57,30,94,96,37,23,22,44,95,23,33,55,56,66,72
2024-08-01,79,49,7,67,59,21,85,74,42,96,67,92,72,71,21,41,63,82,91,8
2024-08-02,71,26,70,31,57,52,87,65,24,62,64,36,26,90,15,14,58,30,50,26
2024-08-03,36,40,56,7,43,68,70,27,54,38,3,43,67,94,11,42,94,46,89,68
2024-08-04,86,75,7,76,12,74,41,68,6,11,10,37,16,0,87,75,56,72,30,70
2024-08-05,52,8,66,99,25,0,75,27,40,0,6,70,96,59,84,20,6,34,20,61
2024-08-06,95,23,90,53,10,53,46,74,74,64,66,60,23,92,21,59,77,8,45,2
2024-08-07,22,63,91,30,83,52,76,81,63,42,58,69,86,54,87,38,75,60,7,50
2024-08-08,76,67,56,79,90,14,25,98,24,82,53,38,72,75,27,1,77,68,12,3
2024-08-09,66,60,76,87,66,63,52,56,97,4,54,24,72,74,26,75,64,94,81,77
2024-08-10,14,98,79,84,75,85,60,1,46,24,31,27,63,78,86,87,2,75,93,77
2024-08-11,11,95,50,57,28,84,87,81,20,12,97,87,85,77,10,51,11,42,16,47
2024-08-12,67,84,8,89,18,94,48,5,79,4,62,79,46,68,57,7,69,95,34,12
2024-08-13,25,63,98,81,78,36,61,40,5,49,54,84,76,45,49,79,28,35,90,76
2024-08-14,94,87,76,26,52,41,39,77,38,14,34,80,50,1,62,17,10,30,77,5
2024-08-15,20,20,82,25,57,12,79,26,46,33,65,25,0,52,97,83,99,44,56,79
2024-08-16,33,11,16,96,79,28,78,70,46,2,72,29,27,52,26,71,29,80,43,51
2024-08-17,3,2,21,34,17,50,60,80,51,36,92,43,28,7,18,69,19,36,2,37
2024-08-18,64,21,0,83,72,99,13,67,25,50,74,16,46,26,15,72,25,52,69,44
2024-08-19,13,1,38,99,97,44,41,64,83,57,72,2,87,53,49,21,13,36,92,55
2024-08-20,41,13,6,60,95,44,23,37,51,75,45,92,64,12,11,55,80,53,80,8
2024-08-21,32,4,35,56,92,46,37,67,71,17,70,53,50,98,77,81,82,64,2,36
2024-08-22,76,17,95,0,55,8,76,61,40,10,45,34,18,18,84,32,9,15,66,36
2024-08-23,5,5,5,73,85,84,54,39,31,74,80,93,98,70,19,96,12,27,83,51
2024-08-24,24,52,77,27,50,28,39,21,70,31,50,80,14,66,33,48,71,92,86,90
2024-08-25,4,42,80,81,41,28,54,74,69,25,0,88,44,83,87,93,35,65,59,16
2024-08-26,43,43,19,37,43,79,85,71,80,9,55,25,41,70,94,35,57,10,68,23
2024-08-27,46,32,5,74,61,81,94,41,75,30,43,83,89,37,80,76,18,62,49,6
2024-08-28,54,97,77,20,22,31,1,7,71,54,69,71,7,94,96,3,6,81,60,99
2024-08-29,24,79,52,55,20,60,41,22,83,21,30,8,67,28,95,74,90,19,63,87
2024-08-30,96,65,94,14,4,46,31,92,1,31,34,71,0,84,93,48,10,5,25,13
2024-08-31,50,41,19,83,60,62,68,86,67,13,38,52,18,94,25,77,95,27,45,24
2024-09-01,82,79,89,6,74,57,42,88,86,69,17,25,15,25,77,33,28,24,5,34
2024-09-02,9,56,18,27,47,38,32,95,5,88,92,96,86,80,23,18,60,53,72,11
2024-09-03,28,67,61,34,14,85,83,14,74,14,45,46,40,34,46,71,33,58,35,97
2024-09-04,68,85,43,25,7,81,69,82,67,3,42,33,43,66,56,63,21,49,23,51
2024-09-05,29,21,94,26,62,62,57,71,60,84,2,7,55,39,21,35,64,85,18,29
2024-09-06,14,99,1,15,38,19,68,2,51,19,63,11,19,83,90,36,58,67,76,53
2024-09-07,57,78,54,53,28,83,44,55,63,54,44,48,9,82,8,98,96,88,7,2
2024-09-08,61,16,94,65,85,99,93,10,98,7,77,74,21,38,63,49,70,13,40,71
2024-09-09,0,65,54,92,96,68,53,53,44,77,33,24,44,33,81,27,40,27,53,30
2024-09-10,62,80,74,30,56,38,65,87,84,88,40,81,37,10,58,59,76,84,89,70
2024-09-11,62,1,11,14,25,89,72,63,12,65,73,30,24,68,12,58,97,2,18,53
2024-09-12,7,70,8,19,54,81,36,5,34,7,18,46,88,89,70,84,53,95,83,65
2024-09-13,23,76,87,47,36,36,75,95,40,10,4,83,31,82,11,3,30,31,99,23
2024-09-14,74,92,78,97,16,68,52,86,74,77,38,67,88,19,3,31,86,46,25,91
2024-09-15,4,80,79,51,26,43,35,14,59,19,99,57,11,61,38,18,29,25,58,27
2024-09-16,4,81,28,30,43,79,61,8,45,75,4,4,70,50,16,67,8,44,81,17
2024-09-17,58,37,89,64,35,48,52,98,74,71,98,15,46,96,85,20,42,18,70,61
2024-09-18,58,90,10,94,48,2,91,93,94,83,27,28,32,22,90,53,26,77,62,37
2024-09-19,91,55,62,3,62,41,74,4,38,6,93,41,13,74,88,77,85,84,98,36
2024-09-20,34,11,85,93,28,61,24,86,0,69,54,28,92,47,52,8,41,15,55,57
2024-09-21,24,94,30,65,97,80,74,5,52,75,66,56,92,55,83,88,78,14,77,78
2024-09-22,67,37,28,65,72,91,34,28,74,97,29,27,89,26,41,99,80,24,95,84
2024-09-23,97,40,66,38,44,67,41,41,54,10,98,82,48,75,99,51,72,8,95,16
2024-09-24,80,48,64,59,41,95,31,23,89,29,10,15,35,87,66,12,53,62,80,56
2024-09-25,34,99,25,96,20,51,11,89,48,88,82,19,5,91,56,85,68,76,48,73
2024-09-26,91,70,93,24,80,52,6,64,62,99,64,13,99,31,69,59,35,40,65,87
2024-09-27,94,99,11,18,20,97,9,69,95,57,0,6,70,39,50,4,89,90,60,47
2024-09-28,39,19,93,48,10,79,97,28,68,99,11,81,49,66,18,21,55,25,59,8
2024-09-29,78,27,73,16,79,1,17,33,77,3,74,23,99,28,14,68,27,54,77,79
2024-09-30,22,20,27,39,74,54,87,69,61,52,41,34,17,27,90,82,0,22,80,58
2024-10-01,7,80,75,28,74,88,64,74,4,56,75,46,40,56,67,81,81,70,98,53
2024-10-02,44,33,12,22,30,50,99,77,88,18,2,0,50,11,18,17,71,95,12,10
2024-10-03,32,63,36,27,11,45,3,62,82,96,32,82,50,26,9,44,86,94,46,77
2024-10-04,21,74,2,41,76,36,10,97,29,4,40,69,38,90,21,57,10,11,19,21
2024-10-05,65,84,86,62,40,26,29,45,62,55,76,12,11,99,31,97,28,6,50,19
2024-10-06,89,43,44,38,11,62,15,63,40,85,52,88,2,72,55,16,10,73,37,7
2024-10-07,69,29,30,8,42,91,86,33,30,86,73,20,89,91,34,89,66,87,38,39
2024-10-08,50,26,53,50,18,89,10,88,53,48,85,45,30,15,68,83,51,28,94,64
2024-10-09,54,79,33,73,35,25,23,88,80,20,7,15,30,60,66,11,45,52,25,72
2024-10-10,59,73,69,89,67,80,50,23,9,48,79,58,2,23,44,40,69,17,36,53
2024-10-11,98,92,38,33,94,86,71,62,72,70,83,72,65,93,94,41,99,39,24,20
2024-10-12,11,36,96,32,91,10,14,16,54,99,20,33,85,53,34,42,73,36,66,80
2024-10-13,5,74,94,8,8,61,67,46,93,12,11,1,82,9,60,92,5,11,87,27
2024-10-14,42,58,71,18,87,77,9,10,70,47,45,21,71,11,37,72,98,21,63,6
2024-10-15,26,9,83,41,89,4,69,51,69,96,97,83,21,75,95,34,34,47,69,24
2024-10-16,15,28,64,4,92,55,10,72,28,76,88,50,18,47,57,35,76,27,84,43
2024-10-17,58,5,21,43,73,97,7,93,30,98,4,50,77,35,97,92,33,0,17,3
2024-10-18,67,14,47,18,86,29,69,58,37,75,11,71,17,8,96,17,26,1,67,75
2024-10-19,2,51,84,78,80,6,28,52,51,75,91,71,48,59,0,45,11,73,78,99
2024-10-20,46,8,13,90,19,36,13,81,30,37,74,59,59,5,21,27,99,22,37,19
2024-10-21,47,0,80,88,49,84,0,43,17,39,42,67,80,94,29,68,83,40,56,68
2024-10-22,7,62,54,30,99,8,95,63,5,18,78,19,4,54,99,37,44,77,59,27
2024-10-23,54,46,1,10,60,14,76,49,8,95,83,63,74,66,1,62,24,94,40,70
2024-10-24,14,47,10,40,56,63,39,15,65,1,80,67,77,97,32,53,63,58,63,94
2024-10-25,48,86,63,78,32,32,93,83,50,46,25,20,22,94,26,44,68,64,77,37
2024-10-26,33,50,63,99,58,76,92,0,25,0,90,38,58,48,75,36,1,35,47,40
2024-10-27,27,9,2,91,6,39,7,11,64,92,34,74,78,64,86,18,7,45,53,37
2024-10-28,92,12,93,42,83,37,50,68,47,87,53,1,79,49,67,32,69,72,99,36
2024-10-29,21,48,69,48,86,96,97,12,24,29,92,78,12,43,92,20,55,68,6,43
2024-10-30,91,1,63,87,42,25,72,36,33,26,96,74,13,29,89,82,35,70,10,14
2024-10-31,90,54,13,49,46,99,1,73,75,77,77,70,42,4,96,24,30,15,33,32
2024-11-01,35,40,66,97,52,99,5,37,3,59,97,21,71,76,10,43,13,35,80,29
2024-11-02,93,77,26,42,61,60,56,37,94,8,63,3,55,18,8,5,95,12,35,47
2024-11-03,2,92,1,91,3,41,78,2,80,47,47,18,23,79,1,31,32,27,31,12
2024-11-04,16,55,56,92,53,43,9,73,44,75,19,61,72,36,47,6,27,16,37,8
2024-11-05,82,73,86,94,56,74,49,78,53,73,27,68,57,24,68,37,62,65,67,68
2024-11-06,41,62,90,6,78,12,46,16,78,3,70,40,26,96,29,21,43,30,72,3
2024-11-07,69,42,78,33,1,76,13,47,83,92,24,83,77,92,81,8,94,2,34,38
2024-11-08,48,23,12,83,64,47,77,91,22,32,93,54,28,15,98,53,86,63,44,85
2024-11-09,35,76,45,89,50,32,72,86,85,47,44,14,3,93,72,57,58,2,45,92
2024-11-10,46,58,37,10,32,8,57,98,36,85,4,50,65,31,9,21,7,88,0,6
2024-11-11,79,29,36,30,89,92,92,30,20,82,84,35,57,39,1,41,89,85,10,30
2024-11-12,7,29,29,5,89,83,92,74,76,78,67,17,17,50,69,2,54,88,12,31
2024-11-13,98,32,2,68,98,23,21,43,53,81,99,81,29,78,63,49,63,43,63,73
2024-11-14,1,61,15,33,44,97,32,81,33,22,43,8,81,49,68,79,40,45,25,71
2024-11-15,83,57,3,71,66,34,40,49,79,68,51,80,85,5,6,47,78,10,86,13
2024-11-16,69,80,4,84,84,14,20,86,96,48,12,27,33,63,72,60,89,1,38,29
2024-11-17,75,68,89,31,85,53,15,82,23,76,53,51,53,97,58,4,95,28,47,82
2024-11-18,8,23,87,11,51,18,35,79,95,57,36,8,40,81,75,35,16,54,83,56
2024-11-19,54,70,12,61,7,15,5,61,96,14,47,89,85,42,74,4,75,72,58,11
2024-11-20,29,17,5,89,18,20,70,32,40,5,92,99,36,21,70,75,15,48,19,23
2024-11-21,49,39,47,38,7,7,26,52,21,62,76,89,94,36,94,87,31,36,16,86
2024-11-22,52,20,80,85,63,39,22,76,77,51,74,19,52,32,99,42,20,19,99,99
2024-11-23,79,48,66,70,13,14,39,37,46,30,61,75,87,40,29,15,56,3,85,47
2024-11-24,60,40,0,78,47,40,75,34,64,72,98,76,2,62,61,12,75,37,62,26
2024-11-25,17,39,20,98,72,3,38,91,59,48,53,30,38,19,71,23,42,92,40,33
2024-11-26,42,24,73,67,25,42,53,86,33,57,93,26,72,65,14,98,78,42,55,36
2024-11-27,26,89,58,36,85,44,18,15,94,38,39,53,57,43,93,33,11,99,21,94
2024-11-28,84,77,13,3,17,40,79,39,3,7,46,2,75,24,48,79,55,88,84,17
2024-11-29,2,86,65,91,8,98,98,26,5,37,43,26,5,86,21,87,25,84,28,10
2024-11-30,82,27,30,40,60,63,7,95,5,83,71,28,59,54,66,73,51,71,19,69
2024-12-01,42,94,85,0,76,60,71,25,79,14,89,43,10,70,38,25,66,33,21,60
2024-12-02,35,5,22,45,57,48,91,34,86,47,68,54,10,42,67,27,33,70,73,53
2024-12-03,73,84,50,69,1,2,60,63,29,61,10,76,35,57,97,51,52,10,4,92
2024-12-04,86,81,99,9,76,11,63,71,69,26,88,56,91,44,34,89,81,8,43,7
2024-12-05,87,47,26,7,29,36,97,99,46,91,79,76,26,74,99,83,54,0,37,65
2024-12-06,13,40,71,89,70,61,22,67,83,43,88,33,63,84,88,46,46,94,46,0
2024-12-07,48,60,74,7,57,61,67,27,76,78,13,77,61,43,77,12,35,89,14,92
2024-12-08,62,0,15,5,77,25,56,85,90,84,50,14,34,33,99,80,32,41,27,40
2024-12-09,8,83,53,60,19,45,46,9,3,61,57,64,89,99,83,2,30,77,90,91
2024-12-10,67,84,16,39,8,29,77,18,74,76,87,96,74,67,78,18,73,90,45,2
2024-12-11,33,9,62,83,9,42,67,90,22,52,1,39,34,17,14,36,6,90,95,86
2024-12-12,0,34,43,32,80,67,19,8,59,84,63,24,55,53,78,42,72,25,2,76
2024-12-13,98,98,75,66,37,92,48,72,56,89,68,30,91,17,21,35,36,82,43,87
2024-12-14,33,38,76,24,12,13,23,60,4,66,76,74,63,43,98,9,75,38,82,62
2024-12-15,13,83,7,81,56,15,59,55,31,81,12,13,24,86,16,80,77,60,46,35
2024-12-16,21,69,46,27,32,13,4,43,97,94,13,55,34,64,2,54,46,56,15,61
2024-12-17,29,50,86,9,39,54,41,47,72,66,47,25,25,76,45,32,68,50,44,13
2024-12-18,90,83,83,18,50,94,92,3,0,51,21,21,46,4,66,35,7,84,52,91
2024-12-19,0,58,46,93,17,54,17,85,33,45,68,27,12,44,36,35,0,77,73,70
2024-12-20,41,49,66,95,28,74,61,63,9,76,41,32,43,87,65,0,23,69,87,53
2024-12-21,59,28,14,43,53,56,19,7,33,80,27,68,25,23,21,42,26,36,57,83
2024-12-22,76,43,30,65,43,75,85,28,38,2,42,43,91,40,42,32,10,60,21,52
2024-12-23,76,73,10,42,79,0,14,41,50,52,89,74,95,96,5,10,80,93,68,0
2024-12-24,9,96,8,90,37,93,19,97,52,76,21,13,23,74,0,68,10,66,30,90
2024-12-25,31,91,56,21,85,30,61,54,78,25,12,91,31,62,87,8,29,8,92,94
2024-12-26,90,36,47,91,88,1,17,40,75,38,20,82,34,11,63,86,57,99,87,24
2024-12-27,32,19,55,65,74,52,12,25,46,26,5,88,52,59,10,91,86,39,19,79
2024-12-28,57,83,48,89,71,35,75,32,42,39,41,72,24,32,51,27,13,70,59,94
2024-12-29,74,57,26,19,52,46,40,44,21,42,3,56,55,66,71,67,80,13,88,38
2024-12-30,66,12,22,93,13,46,9,9,99,63,63,27,15,61,24,27,42,22,93,57
2024-12-31,6,48,56,35,87,52,23,54,72,30,87,5,29,92,26,7,4,75,33,76
2025-01-01,65,75,91,81,15,90,33,80,52,17,68,66,90,41,73,51,55,34,36,80
2025-01-02,63,68,93,68,73,77,42,46,97,55,37,5,21,77,92,78,79,87,44,13
2025-01-03,61,90,44,81,87,7,42,45,43,26,48,72,67,92,73,75,28,3,51,77
2025-01-04,39,81,62,33,34,68,57,6,55,4,54,92,9,48,77,42,35,57,85,86
2025-01-05,27,96,16,21,70,86,18,32,7,46,51,59,18,27,75,10,0,38,57,89
2025-01-06,3,33,85,71,63,0,46,97,67,81,51,36,32,79,46,32,65,99,43,16
2025-01-07,64,40,58,99,45,30,98,66,30,31,60,36,77,19,19,23,87,9,60,86
2025-01-08,17,91,71,22,98,83,5,82,57,88,58,79,83,79,5,66,89,93,76,31
2025-01-09,85,2,77,48,87,50,42,84,32,48,84,1,34,83,87,16,44,34,97,56
2025-01-10,39,87,70,71,61,41,9,63,41,45,92,72,78,76,43,55,54,24,63,37
2025-01-11,5,97,41,34,62,45,97,5,81,2,18,17,34,87,24,51,47,23,46,84
2025-01-12,69,39,26,51,22,15,4,1,97,36,3,58,47,57,54,10,74,37,99,59
2025-01-13,49,36,53,47,52,97,40,28,42,5,45,92,20,8,1,64,76,67,64,81
2025-01-14,85,33,57,65,34,63,65,0,8,73,7,50,4,82,55,20,86,11,90,97
2025-01-15,65,83,82,45,12,8,10,51,3,48,28,87,9,68,8,52,33,54,7,50
2025-01-16,50,84,5,12,98,48,71,29,63,42,83,43,67,33,20,21,56,49,70,84
2025-01-17,3,79,86,71,67,93,88,36,64,53,10,23,50,45,57,79,80,27,26,61
2025-01-18,37,95,63,25,10,72,32,19,25,69,65,10,66,61,80,8,27,80,43,90
2025-01-19,69,5,45,29,76,14,88,72,58,56,95,86,92,82,35,16,29,96,96,20
2025-01-20,22,65,55,56,90,55,58,66,51,58,74,91,93,66,26,86,69,36,62,42
2025-01-21,83,33,43,79,20,56,44,36,10,1,61,56,93,30,4,46,4,25,66,45
2025-01-22,32,79,33,16,27,95,25,36,17,64,27,20,58,76,59,49,97,28,47,19
2025-01-23,50,48,77,45,14,94,26,24,90,66,88,28,5,43,24,73,21,7,47,28
2025-01-24,25,31,30,44,57,53,59,12,5,93,22,83,6,67,60,46,37,86,70,64
2025-01-25,92,6,74,96,97,17,80,5,69,64,45,34,23,34,9,30,50,51,57,72
2025-01-26,11,85,36,19,17,80,47,25,93,58,63,24,39,30,24,89,12,8,38,65
2025-01-27,31,20,5,83,73,64,73,84,26,79,10,93,56,76,48,40,70,32,59,0
2025-01-28,83,16,61,85,68,47,50,43,3,77,95,72,89,87,35,36,45,9,4,0
2025-01-29,52,53,7,17,74,53,77,20,57,23,96,92,32,15,14,17,63,17,18,40
2025-01-30,79,13,15,7,6,16,79,98,20,18,16,4,84,51,33,20,17,11,66,65
2025-01-31,12,21,81,53,17,65,84,32,76,84,34,92,40,10,75,17,20,65,50,7
2025-02-01,80,2,19,62,76,45,45,93,30,54,64,92,76,11,76,62,77,9,92,79
2025-02-02,84,88,9,79,70,68,38,26,60,28,91,60,35,2,16,29,16,54,72,88
2025-02-03,64,57,23,87,31,70,74,4,65,93,69,47,40,14,22,88,39,16,39,43
2025-02-04,33,1,36,89,27,36,71,15,84,54,53,12,6,84,22,43,50,2,70,54
2025-02-05,90,13,16,25,30,94,56,27,21,52,20,8,62,66,7,50,57,63,0,79
2025-02-06,52,41,43,45,85,68,28,1,37,18,60,64,32,86,98,46,47,7,87,14
2025-02-07,62,64,34,9,65,34,15,91,48,70,30,14,3,34,5,99,23,12,82,79
2025-02-08,99,24,4,72,80,35,93,77,40,71,0,33,16,30,20,71,82,18,41,59
2025-02-09,14,36,19,56,90,46,67,72,99,62,18,1,13,12,52,43,61,7,82,10
2025-02-10,68,69,56,17,61,92,80,12,33,78,19,71,91,28,9,46,31,50,30,50
2025-02-11,15,17,38,8,98,32,19,70,42,95,5,47,23,70,54,23,52,77,97,22
2025-02-12,5,56,30,74,76,18,44,2,72,54,97,33,65,57,55,42,37,23,69,70
2025-02-13,66,97,32,16,5,13,26,5,94,32,93,37,54,59,39,35,66,90,74,44
2025-02-14,78,63,51,88,50,43,66,43,28,51,93,50,98,82,48,33,64,95,41,21
2025-02-15,13,51,44,51,48,57,31,47,42,52,44,65,71,40,73,91,76,77,73,39
2025-02-16,95,19,29,20,48,74,25,96,66,93,60,58,96,94,69,11,11,3,14,54
2025-02-17,44,69,89,37,86,89,67,83,92,45,50,51,46,94,9,36,90,77,28,66
2025-02-18,0,53,91,61,90,7,53,68,3,86,25,86,27,98,88,85,68,40,45,58
2025-02-19,26,25,48,52,79,74,62,65,87,5,57,6,11,47,39,73,81,79,57,0
2025-02-20,2,19,26,46,38,15,9,2,6,0,3,44,67,41,26,61,63,71,28,95
2025-02-21,17,96,63,27,19,23,64,95,86,98,32,38,74,25,33,28,40,77,0,2
2025-02-22,0,63,36,47,46,20,79,18,68,73,25,70,21,52,71,14,67,13,7,34
2025-02-23,21,14,25,76,86,93,95,62,69,30,89,34,73,78,97,3,25,47,79,72
2025-02-24,7,85,41,85,88,91,78,75,51,55,51,51,21,32,17,71,42,24,79,89
2025-02-25,0,87,2,70,87,23,94,72,98,19,12,66,51,81,42,0,48,66,31,50
2025-02-26,60,71,23,26,68,35,75,26,75,15,45,19,51,70,52,16,92,0,73,72
2025-02-27,89,86,15,94,15,56,15,37,79,93,32,43,80,59,89,32,18,54,46,88
2025-02-28,8,4,17,67,32,9,88,76,88,11,31,62,7,99,99,51,99,93,60,8
2025-03-01,12,29,82,53,83,71,81,26,70,7,68,48,33,69,0,77,53,43,52,27
2025-03-02,61,22,92,77,88,71,8,52,70,61,68,53,63,56,7,58,46,50,7,90
2025-03-03,83,5,89,84,77,93,65,12,15,7,41,16,3,51,30,19,70,57,55,35
2025-03-04,75,15,44,38,79,18,98,15,44,60,42,87,64,68,88,12,44,40,75,84
2025-03-05,44,11,76,78,27,17,14,10,29,71,28,83,33,70,21,11,24,62,66,62
2025-03-06,42,55,94,7,8,49,80,87,73,22,75,21,1,15,96,71,14,31,88,71
2025-03-07,24,97,58,54,58,73,26,2,65,47,81,92,61,59,63,7,36,65,52,78
2025-03-08,11,63,83,66,7,66,85,14,61,48,22,44,42,57,74,9,20,64,12,65
2025-03-09,65,33,98,47,96,17,93,57,98,59,93,34,63,3,58,37,82,49,52,98
2025-03-10,89,93,16,88,42,85,50,66,25,19,55,14,62,3,19,27,16,11,76,41
2025-03-11,25,30,79,22,76,72,6,90,56,83,31,68,60,27,85,81,67,86,21,71
2025-03-12,28,93,56,84,17,31,76,35,8,65,11,55,83,58,50,22,16,1,80,3
2025-03-13,85,39,91,15,81,86,41,98,21,11,97,25,2,39,99,84,9,35,53,79
2025-03-14,19,9,73,2,51,70,66,51,78,59,82,58,43,59,42,20,47,94,58,72
2025-03-15,65,46,40,19,1,86,27,59,46,10,3,94,36,31,8,0,72,88,25,44
2025-03-16,62,16,37,48,64,98,49,25,65,11,0,37,6,47,32,89,17,69,63,99
2025-03-17,56,80,35,7,40,67,25,13,10,52,33,76,63,93,98,0,23,24,87,13
2025-03-18,41,5,47,3,72,51,99,98,78,29,11,15,69,13,28,9,5,38,41,19
2025-03-19,92,60,29,83,55,44,75,36,80,0,24,53,83,74,93,26,92,11,19,46
2025-03-20,21,3,63,40,92,98,92,51,30,95,37,37,63,63,10,19,0,9,34,94
2025-03-21,79,22,11,99,72,52,97,95,11,63,68,86,49,67,35,40,56,21,79,49
2025-03-22,85,78,56,68,84,33,72,92,3,49,14,38,82,19,3,28,77,10,58,74
2025-03-23,57,93,75,8,85,54,96,98,16,24,65,5,40,98,52,33,18,75,93,92
2025-03-24,6,7,99,95,21,19,58,31,71,20,80,28,13,34,1,64,6,14,79,50
2025-03-25,59,28,97,98,36,78,80,91,86,43,36,93,40,52,9,29,16,8,37,51
2025-03-26,77,60,82,23,79,5,27,44,95,9,26,15,42,32,9,48,48,63,84,97
2025-03-27,10,33,97,56,39,43,84,86,29,30,69,6,84,0,46,79,91,62,53,69
2025-03-28,84,1,60,76,92,39,90,63,33,98,5,86,52,58,83,92,89,46,71,75
2025-03-29,34,30,82,53,22,88,49,87,16,89,40,29,36,60,30,64,50,65,33,25
2025-03-30,67,52,14,65,27,36,85,20,43,8,45,92,55,86,54,5,50,23,43,23
2025-03-31,11,21,40,82,76,3,77,3,7,76,39,32,37,52,60,67,9,16,43,86
2025-04-01,76,18,28,37,85,97,7,48,36,32,49,71,59,42,72,41,65,16,33,56
2025-04-02,91,1,72,48,74,11,59,42,31,3,52,34,92,75,8,30,25,68,57,35
2025-04-03,22,44,25,18,81,96,75,6,93,45,26,77,0,3,75,16,47,52,99,32
2025-04-04,30,47,48,54,87,70,86,38,77,96,7,43,59,58,51,82,21,96,80,29
2025-04-05,3,72,2,48,58,97,31,71,95,46,12,12,38,32,31,48,53,26,44,65
2025-04-06,55,75,27,37,55,90,61,28,3,51,95,66,42,7,11,74,31,29,23,89
2025-04-07,30,17,36,71,41,76,68,35,87,7,73,50,32,40,58,27,60,53,76,17
2025-04-08,35,51,72,33,30,89,10,72,80,26,43,51,77,87,39,34,35,19,5,88
2025-04-09,31,1,14,94,6,69,78,74,33,63,28,41,83,60,46,68,74,93,76,47
2025-04-10,21,47,43,59,62,21,80,41,78,1,76,54,42,14,88,5,11,84,68,84
2025-04-11,97,34,80,3,91,63,90,56,63,92,30,34,85,96,66,43,11,60,82,10
2025-04-12,29,10,33,57,13,47,1,82,67,64,84,13,96,4,44,0,92,47,27,44
2025-04-13,95,23,34,1,21,88,47,9,83,84,97,6,43,88,11,36,90,9,72,94
2025-04-14,60,87,79,80,62,7,39,83,20,30,51,42,81,97,10,1,77,7,23,34
2025-04-15,29,64,27,60,69,2,36,5,76,5,86,84,51,94,36,30,11,72,42,97
2025-04-16,87,51,45,23,15,24,55,14,88,96,26,64,41,52,77,60,66,14,23,86
2025-04-17,96,55,20,51,47,66,32,88,97,91,98,13,25,76,46,96,14,30,64,40
2025-04-18,36,55,80,43,3,78,72,50,60,36,10,79,39,98,97,31,19,75,76,3
2025-04-19,53,28,4,43,13,28,56,24,36,70,80,45,58,33,88,8,9,3,10,62
2025-04-20,99,60,25,81,35,59,44,51,10,93,30,60,0,45,76,61,31,65,79,15
2025-04-21,6,46,43,4,67,58,31,27,28,11,92,6,4,78,45,81,50,89,34,58
2025-04-22,21,44,13,49,45,2,9,56,71,66,72,47,34,68,27,62,9,53,71,31
2025-04-23,91,7,26,67,82,11,9,46,34,54,84,28,1,67,56,51,78,84,14,83
2025-04-24,54,87,56,89,83,32,64,56,53,10,2,34,49,55,51,14,81,71,86,88
2025-04-25,83,66,44,63,24,92,63,59,58,68,68,4,42,97,75,19,42,46,97,95
2025-04-26,7,26,7,19,44,60,81,8,28,60,45,30,17,70,23,68,91,21,72,80
2025-04-27,63,32,23,78,32,80,84,87,81,90,92,49,29,18,39,25,84,84,44,80
2025-04-28,64,57,81,80,79,54,32,40,68,91,72,79,29,43,74,87,51,1,88,9
2025-04-29,52,47,96,12,66,31,43,41,34,88,72,89,80,41,6,29,34,10,15,2
2025-04-30,43,16,27,48,16,6,76,88,33,46,28,46,8,45,46,30,86,42,14,75
2025-05-01,14,8,36,79,95,65,89,56,19,56,73,7,41,8,39,56,71,35,12,49
2025-05-02,12,9,73,60,53,16,92,86,84,6,7,47,28,33,70,93,60,2,4,23
2025-05-03,0,13,5,27,4,91,52,86,67,46,46,72,32,53,11,78,32,17,74,9
2025-05-04,95,68,74,8,56,2,32,72,21,69,55,91,49,30,87,47,28,41,44,22
2025-05-05,79,82,44,1,10,50,26,33,53,66,18,68,10,56,66,29,83,78,88,34
2025-05-06,93,48,31,62,88,88,24,15,44,93,96,27,6,70,23,21,73,20,78,92
2025-05-07,15,54,70,53,90,6,99,56,21,63,66,0,83,7,21,59,77,63,62,49
2025-05-08,51,43,27,36,87,38,76,61,22,15,12,49,20,25,83,48,33,18,43,26
2025-05-09,3,86,56,83,74,1,65,14,7,2,84,57,77,63,13,60,11,5,34,9
2025-05-10,70,60,68,90,36,55,37,14,84,57,62,25,82,50,6,32,45,33,11,32
2025-05-11,0,21,63,53,37,95,4,64,62,52,26,50,47,14,23,43,37,13,23,59
2025-05-12,70,75,53,5,23,72,28,67,64,51,30,7,72,24,28,12,72,95,48,36
2025-05-13,51,39,30,97,93,62,1,37,19,58,39,41,92,90,27,62,86,95,74,9
2025-05-14,68,49,28,89,63,91,6,78,58,30,87,79,56,97,79,46,5,60,43,57
2025-05-15,4,82,80,75,78,18,51,75,62,51,35,66,3,2,43,54,32,68,92,12
2025-05-16,47,94,95,49,77,19,80,97,33,23,11,44,32,49,51,86,88,43,75,55
2025-05-17,72,70,82,16,79,22,68,95,58,88,81,70,7,2,90,69,54,0,12,68
2025-05-18,23,35,82,32,51,7,49,71,22,57,58,81,36,89,47,3,7,91,7,79
2025-05-19,98,83,40,23,16,36,49,47,61,79,16,33,74,89,83,96,79,97,93,65
2025-05-20,70,30,89,69,89,21,36,8,93,81,76,43,1,96,38,24,85,20,17,47
2025-05-21,45,88,99,25,20,46,44,82,9,16,20,8,6,51,88,82,19,14,61,32
2025-05-22,50,71,89,18,6,22,55,8,32,30,10,97,85,59,88,28,84,67,23,67
2025-05-23,51,49,92,38,91,82,42,77,11,50,6,19,35,9,89,87,0,9,93,0
2025-05-24,95,57,55,3,36,83,32,90,51,83,78,46,83,86,96,7,80,66,70,92
2025-05-25,3,75,37,60,23,29,61,36,29,3,15,60,40,2,35,36,22,16,0,62
2025-05-26,76,23,32,89,96,56,39,98,5,29,52,24,92,52,89,33,16,91,47,79
2025-05-27,31,10,63,26,91,29,28,75,37,14,23,66,12,69,94,13,27,34,58,64
2025-05-28,96,98,32,20,24,61,26,81,46,1,78,42,99,76,55,12,52,61,85,81
2025-05-29,93,70,47,41,47,30,14,25,69,7,39,17,68,33,52,83,52,29,59,97
2025-05-30,56,34,77,61,96,15,98,69,61,76,15,25,11,49,51,90,44,71,40,79
2025-05-31,11,10,32,99,53,65,9,38,93,56,5,85,10,61,15,87,97,25,84,90
2025-06-01,75,77,70,6,35,30,20,45,26,52,48,0,13,58,97,57,93,99,68,58
2025-06-02,57,20,16,29,33,27,19,75,37,58,39,43,42,57,23,98,60,69,34,86
2025-06-03,36,83,22,83,95,20,3,82,58,24,53,98,94,30,68,51,28,14,12,2
2025-06-04,63,27,58,75,0,44,27,61,14,57,58,63,10,97,43,45,71,92,68,66
2025-06-05,69,67,54,51,47,76,46,13,48,63,56,61,38,17,72,3,25,93,36,33
2025-06-06,12,25,33,27,24,93,56,4,93,80,10,23,19,69,60,76,50,30,24,66
2025-06-07,37,40,21,78,60,22,41,70,69,45,65,62,8,58,4,79,82,5,33,78
2025-06-08,66,38,26,29,12,99,67,54,98,37,87,89,12,99,74,34,40,7,78,30
2025-06-09,34,51,50,20,1,71,43,71,38,37,90,26,38,35,19,20,94,9,71,11
2025-06-10,15,73,62,35,24,41,87,72,89,28,46,66,87,60,4,44,86,78,95,74
2025-06-11,16,20,34,11,69,35,19,23,94,76,32,78,92,76,39,17,78,5,28,7
2025-06-12,24,31,36,14,61,96,11,71,18,64,16,88,2,21,65,67,45,24,62,99
2025-06-13,63,17,91,71,59,17,29,47,59,35,64,16,82,17,95,72,77,32,31,81
2025-06-14,83,58,38,55,70,78,45,79,64,84,80,41,76,60,66,22,77,11,19,35
2025-06-15,76,41,61,91,71,83,13,6,24,89,72,38,91,65,80,8,83,48,8,3
2025-06-16,56,58,18,30,39,1,97,82,25,84,60,17,78,9,42,75,89,28,60,84
2025-06-17,86,0,9,18,1,89,6,91,30,7,37,72,13,95,17,89,1,73,48,76
2025-06-18,65,19,4,40,57,84,23,30,33,72,12,52,59,52,54,43,98,45,83,55
2025-06-19,61,81,98,14,58,18,4,89,99,69,40,75,98,91,86,51,21,13,7,34
2025-06-20,4,67,82,79,8,20,96,99,97,92,14,78,21,25,49,80,44,22,90,28
2025-06-21,77,76,9,44,13,72,74,30,68,41,56,68,83,49,70,27,46,8,48,37
2025-06-22,92,26,99,21,59,32,90,48,26,16,74,89,76,51,92,51,22,23,64,81
2025-06-23,69,12,46,6,92,10,91,35,58,70,83,71,50,26,20,68,39,72,78,25
2025-06-24,2,49,32,10,43,38,22,32,4,96,71,18,56,65,53,60,86,89,2,51
2025-06-25,45,4,90,99,70,27,6,28,60,28,74,98,21,99,49,41,19,7,74,67
2025-06-26,76,21,74,62,39,17,66,90,80,98,15,64,35,34,33,66,78,55,69,35
2025-06-27,49,16,5,45,97,92,89,36,74,93,6,44,37,84,57,99,5,31,55,21
2025-06-28,96,69,60,13,79,97,80,56,68,53,3,87,23,31,91,74,55,25,82,53
2025-06-29,54,18,43,35,29,47,84,31,24,88,77,56,68,8,73,89,47,84,56,3
2025-06-30,1,12,96,95,4,36,94,55,79,20,10,33,69,92,78,40,37,87,51,45
2025-07-01,28,68,15,38,75,67,13,35,39,23,20,50,33,60,64,95,59,82,91,42
2025-07-02,17,27,68,32,13,13,33,14,91,0,23,92,80,92,87,42,9,83,37,11
2025-07-03,77,2,21,65,24,6,68,30,91,6,34,89,7,87,83,13,55,11,92,98
2025-07-04,34,96,27,60,24,2,35,44,19,51,93,81,41,41,86,57,41,27,93,48
2025-07-05,32,89,68,88,30,97,87,63,97,43,50,59,78,70,91,47,56,41,78,71
2025-07-06,95,96,55,3,58,64,6,18,86,43,92,32,98,67,74,59,54,72,20,48
2025-07-07,95,89,93,80,78,92,76,9,57,3,17,67,92,1,75,45,82,63,58,42
2025-07-08,34,50,67,37,48,59,0,21,18,87,89,17,69,41,54,41,46,68,28,2
2025-07-09,50,9,95,34,2,48,32,68,70,69,39,85,4,47,94,41,98,71,40,68
2025-07-10,94,84,19,81,22,9,40,59,31,84,32,12,49,63,27,89,6,59,84,81
2025-07-11,65,4,8,48,94,7,85,81,95,15,10,37,51,85,92,32,82,83,41,45
2025-07-12,88,87,96,61,48,82,8,87,21,46,68,2,39,29,6,16,15,75,40,4
2025-07-13,22,72,22,43,65,96,6,22,22,88,55,75,45,47,97,16,39,98,26,11
2025-07-14,29,83,99,62,98,17,62,59,13,61,53,75,83,22,11,92,74,36,53,82
2025-07-15,16,0,54,9,96,20,73,71,16,2,23,54,12,94,78,22,11,6,81,88
2025-07-16,52,56,42,79,87,31,90,24,22,85,52,5,10,28,17,99,71,43,80,29
2025-07-17,2,36,35,14,63,38,29,60,72,99,88,1,15,54,46,87,81,52,94,35
2025-07-18,65,69,50,21,15,16,38,67,31,86,59,45,32,11,55,37,96,74,13,55
2025-07-19,87,93,93,81,27,63,70,83,88,53,32,52,92,52,14,43,76,97,42,79
2025-07-20,27,36,29,67,91,81,59,53,85,93,77,65,79,48,42,96,55,57,11,51
2025-07-21,37,27,96,92,97,34,65,30,44,26,58,28,29,42,2,89,22,63,6,38
2025-07-22,4,99,86,85,20,56,86,37,3,42,89,11,8,59,22,38,39,69,2,65
2025-07-23,49,51,70,64,67,29,85,61,46,50,24,78,27,57,93,55,3,96,56,18
2025-07-24,49,36,41,48,82,24,66,71,98,31,20,93,95,77,38,97,58,21,82,48
2025-07-25,5,77,81,85,16,33,79,76,88,54,31,41,29,64,49,56,67,23,89,4
2025-07-26,24,12,41,94,82,49,40,3,49,25,0,84,72,93,46,49,56,88,20,6
2025-07-27,66,50,59,88,90,37,68,49,55,81,27,9,68,30,29,12,95,83,73,54
2025-07-28,2,97,19,71,54,28,45,57,70,74,3,87,71,78,34,69,61,33,16,58
2025-07-29,76,34,86,86,76,12,51,98,25,3,51,26,74,94,43,79,71,67,3,72
2025-07-30,77,7,90,46,77,69,79,2,64,31,37,13,57,72,24,15,95,24,32,88
2025-07-31,41,33,6,78,73,27,60,5,23,81,94,77,72,66,7,55,67,76,71,32
2025-08-01,57,80,49,41,9,54,70,35,75,99,20,62,33,24,55,38,61,66,41,1
2025-08-02,91,96,27,86,91,22,48,8,44,30,16,55,12,35,86,67,80,23,56,29
2025-08-03,45,60,38,52,58,12,2,8,88,98,14,35,33,59,30,95,18,48,22,40
2025-08-04,20,8,90,58,67,40,15,96,33,73,90,56,41,25,5,7,67,92,75,30
2025-08-05,11,20,85,25,54,99,99,21,95,30,83,23,3,80,45,98,35,36,56,79
2025-08-06,2,63,24,22,8,0,30,64,42,11,49,82,83,58,55,36,48,77,43,84
2025-08-07,61,40,92,88,39,74,92,58,93,7,93,68,15,12,73,24,3,20,10,17
2025-08-08,52,53,44,74,1,88,98,94,26,87,74,48,98,22,58,21,25,83,63,71
2025-08-09,35,92,45,32,18,26,78,33,32,38,32,52,97,94,93,60,98,36,19,90
2025-08-10,81,38,24,36,43,83,38,48,18,73,62,14,28,31,61,2,58,25,90,82
2025-08-11,55,29,26,5,38,14,62,86,7,89,40,2,8,0,59,26,46,72,41,19
2025-08-12,83,20,72,68,80,44,92,12,53,70,86,64,66,96,41,53,67,26,38,68
2025-08-13,39,90,56,69,16,97,99,66,20,54,9,5,30,22,95,74,71,76,35,99
2025-08-14,58,20,67,55,60,26,58,7,81,60,66,57,98,8,46,67,60,72,98,48
2025-08-15,79,49,74,49,45,96,68,68,51,6,35,4,74,79,3,49,90,10,35,11
2025-08-16,49,53,39,83,40,10,79,21,72,43,21,9,82,21,98,52,72,56,99,23
2025-08-17,39,88,19,62,89,99,80,7,56,68,30,67,91,64,49,75,29,66,50,61
2025-08-18,49,41,5,62,97,35,62,72,60,90,93,87,42,14,40,52,4,83,88,63
2025-08-19,58,38,97,43,20,96,83,32,55,58,87,54,41,59,97,5,64,8,26,69
2025-08-20,71,83,54,80,50,20,44,17,54,51,26,48,60,43,22,95,80,21,47,37
2025-08-21,99,72,64,14,19,93,44,1,49,61,29,42,27,44,98,45,80,12,78,50
2025-08-22,36,57,35,80,78,22,43,13,0,29,56,75,94,42,0,64,20,57,45,27
2025-08-23,29,34,17,70,39,71,58,22,32,92,42,11,64,34,46,20,1,58,43,40
2025-08-24,92,26,58,82,45,75,55,35,90,37,45,64,59,51,69,69,52,50,16,71
2025-08-25,99,29,20,93,41,69,47,56,33,77,50,48,56,93,81,5,35,15,91,24
2025-08-26,76,61,76,66,28,49,17,23,12,87,28,13,24,26,12,69,66,58,86,5
2025-08-27,60,58,71,32,42,33,39,64,25,86,99,42,99,48,1,90,33,6,18,72
2025-08-28,23,73,83,91,90,18,55,88,24,99,73,93,31,20,94,28,90,17,35,62
2025-08-29,91,46,59,32,19,74,73,86,15,5,62,48,62,23,82,44,67,19,4,35
2025-08-30,42,42,23,46,50,28,33,55,4,4,43,6,74,58,2,32,8,90,31,38
2025-08-31,78,21,20,80,53,25,15,79,20,49,19,37,8,1,57,56,18,19,77,44
2025-09-01,60,27,58,41,27,55,6,12,44,30,80,19,13,6,81,86,90,88,87,97
2025-09-02,39,65,4,86,14,68,32,58,79,50,95,30,56,85,55,53,38,77,35,24
2025-09-03,12,42,28,98,61,99,69,84,11,69,11,14,7,62,65,29,89,92,80,62
2025-09-04,59,39,45,14,95,58,38,20,40,16,79,72,74,68,89,18,52,61,98,36
2025-09-05,27,5,97,25,11,89,93,54,27,49,11,13,47,84,14,64,33,5,25,6
2025-09-06,18,30,17,40,0,2,76,77,38,98,27,74,44,34,28,22,66,2,90,25
2025-09-07,48,39,94,16,36,66,28,54,2,90,83,12,72,6,92,11,35,85,20,92
2025-09-08,66,47,12,65,58,42,40,58,41,68,43,97,55,14,96,98,99,30,34,0
2025-09-09,88,70,28,18,88,35,56,15,17,38,25,22,40,20,94,58,4,22,44,43
2025-09-10,68,77,57,35,18,3,6,41,0,33,0,86,21,66,89,88,82,63,22,42
2025-09-11,40,59,38,9,4,40,87,70,30,93,65,83,82,62,93,44,78,20,94,73
2025-09-12,27,58,2,52,76,36,73,72,93,96,20,32,22,38,3,48,88,72,56,24
2025-09-13,24,8,8,76,94,84,93,8,35,23,9,23,64,48,90,13,68,58,74,46
2025-09-14,3,39,21,30,22,63,92,14,38,28,11,39,79,27,26,92,64,28,3,99
2025-09-15,97,66,12,72,45,4,13,4,11,55,73,97,98,81,4,45,4,63,15,65
2025-09-16,25,65,73,28,99,23,9,58,41,83,51,25,52,86,23,12,87,86,85,27
2025-09-17,79,25,62,12,41,90,1,15,63,79,43,76,97,69,44,63,30,9,14,43
2025-09-18,28,4,37,85,8,90,15,45,89,7,58,75,57,4,54,14,40,22,75,80
2025-09-19,20,64,80,43,91,21,12,15,91,62,11,38,30,87,35,8,1,57,15,99
2025-09-20,90,51,69,19,2,2,56,16,71,70,96,77,56,34,95,18,19,63,98,8
2025-09-21,98,39,63,68,55,91,32,73,54,76,86,39,1,78,13,28,57,18,85,28
2025-09-22,32,72,11,65,2,68,39,76,5,90,34,38,17,12,5,10,55,72,10,12
2025-09-23,9,48,22,14,42,59,17,77,59,76,32,39,98,60,15,71,74,96,54,58
2025-09-24,30,55,3,82,69,68,68,21,4,52,54,85,67,32,51,53,70,75,61,85
2025-09-25,31,81,3,83,30,69,71,37,22,75,30,32,64,69,0,50,82,40,35,62
2025-09-26,19,92,23,69,67,71,83,52,90,61,96,9,84,62,88,35,65,51,76,65
2025-09-27,89,42,58,85,55,42,46,77,93,20,24,19,18,6,79,33,42,86,91,54
2025-09-28,9,45,91,90,32,97,32,81,93,12,29,56,36,97,40,83,19,98,73,1
2025-09-29,17,10,59,83,78,57,61,94,45,75,9,8,17,95,75,91,33,16,5,43
2025-09-30,97,4,92,27,5,17,9,67,95,98,7,54,43,27,53,24,23,95,74,76
2025-10-01,51,42,38,13,97,67,50,62,99,25,87,10,0,91,8,68,47,41,98,32
2025-10-02,9,24,96,93,29,54,59,97,62,84,14,49,76,4,43,94,78,13,48,45
2025-10-03,12,30,18,98,50,15,46,9,84,63,52,72,30,40,9,24,3,10,65,22
2025-10-04,0,19,30,14,21,97,2,56,78,98,35,30,42,62,44,32,91,41,18,99
2025-10-05,56,85,32,23,19,75,96,94,70,72,26,37,6,56,95,66,43,30,49,34
2025-10-06,92,70,26,43,1,2,44,43,1,36,27,27,33,59,72,39,98,58,69,45
2025-10-07,93,53,74,52,86,76,82,6,57,52,38,27,81,28,56,49,51,93,89,58
2025-10-08,20,18,10,46,18,44,34,3,78,95,40,31,4,1,63,53,78,54,19,86
2025-10-09,88,78,95,87,46,84,73,49,41,69,7,67,41,38,47,93,97,97,64,80
2025-10-10,16,52,31,17,70,0,86,99,32,13,79,80,78,70,78,86,3,99,76,54
2025-10-11,39,98,9,76,13,55,46,10,17,36,32,23,48,59,71,32,64,60,70,95
2025-10-12,90,83,71,28,14,69,58,56,70,62,23,91,88,12,59,90,66,52,91,77
2025-10-13,65,43,77,87,16,69,69,14,84,86,13,73,23,23,12,68,90,57,25,18
2025-10-14,16,20,55,99,93,9,20,68,68,21,95,58,52,82,37,71,91,94,3,7
2025-10-15,70,0,66,82,8,2,50,98,53,97,70,30,24,60,33,23,39,53,92,95
2025-10-16,73,24,46,9,57,64,39,21,98,3,73,68,56,18,85,61,67,70,12,46
2025-10-17,78,39,73,37,80,84,83,65,50,85,37,96,83,26,37,89,25,8,7,86
2025-10-18,37,21,26,59,41,14,49,65,39,61,70,65,14,43,90,15,87,44,60,31
2025-10-19,72,17,76,14,17,0,86,84,39,0,93,17,14,21,25,93,62,34,76,77
2025-10-20,24,17,15,35,2,44,20,76,32,65,68,79,47,39,25,0,15,22,65,79
2025-10-21,45,82,37,65,55,15,46,96,14,40,33,74,3,45,26,29,40,29,56,28
2025-10-22,91,44,15,28,79,10,37,94,0,97,35,21,82,46,10,66,77,45,71,10
2025-10-23,3,21,98,17,91,29,49,70,16,19,25,47,34,8,26,82,51,94,27,26
2025-10-24,42,7,31,36,62,14,88,87,52,42,69,20,56,28,92,48,50,76,78,23
2025-10-25,60,86,41,11,86,89,15,21,23,83,95,39,93,2,39,11,98,19,93,77
2025-10-26,89,50,51,14,12,66,27,47,12,58,7,17,14,13,62,3,67,67,19,47
2025-10-27,17,29,77,50,96,93,21,81,34,38,59,50,93,90,44,82,91,72,69,56
2025-10-28,69,14,20,36,94,29,12,46,33,99,38,56,96,89,90,79,36,77,59,36
2025-10-29,53,86,6,89,71,32,40,43,43,2,18,43,9,14,92,56,90,64,35,81
2025-10-30,57,52,9,20,4,8,89,79,22,24,49,33,55,21,40,91,45,87,53,42
2025-10-31,51,74,99,2,51,67,40,57,5,28,37,40,68,90,6,44,39,96,70,95
2025-11-01,50,62,85,3,92,47,96,0,9,7,5,13,33,13,14,44,62,4,57,58
2025-11-02,32,18,63,78,28,50,9,78,66,42,60,95,56,42,45,18,90,55,39,93
2025-11-03,55,14,69,96,82,38,80,48,40,55,7,26,57,11,41,82,89,18,94,46
2025-11-04,15,75,8,73,69,63,82,82,44,51,41,61,52,29,42,56,80,13,56,93
2025-11-05,40,6,84,21,69,46,94,77,80,60,13,16,4,62,69,20,85,35,21,75
2025-11-06,62,19,83,10,19,76,54,43,15,8,43,98,62,31,99,99,33,21,19,58
2025-11-07,31,77,35,60,24,48,65,99,30,75,60,75,61,10,23,71,74,62,19,10
2025-11-08,73,63,55,1,61,77,46,5,28,17,61,12,4,81,92,84,58,35,8,39
2025-11-09,18,80,83,46,30,69,62,58,92,27,33,5,21,46,82,18,52,30,78,63
2025-11-10,5,16,76,67,11,30,27,47,2,53,16,73,54,78,62,90,95,62,62,35
2025-11-11,93,81,24,26,74,35,82,91,11,52,88,55,14,79,20,49,96,88,60,15
2025-11-12,38,23,67,76,62,60,31,45,98,90,71,86,70,63,75,24,96,43,4,18
2025-11-13,66,66,54,50,63,72,20,20,3,60,37,93,33,56,34,35,36,61,36,14
2025-11-14,16,52,43,87,4,26,69,68,7,24,22,95,92,98,14,69,52,75,21,2
2025-11-15,11,50,97,3,58,19,7,62,37,74,36,10,73,65,90,69,1,82,55,1
2025-11-16,80,77,99,48,77,71,49,17,44,15,30,87,25,82,3,48,74,86,2,79
2025-11-17,89,15,5,20,23,19,59,25,72,51,45,86,59,26,8,53,74,67,80,77
2025-11-18,51,26,82,43,13,89,20,16,19,20,27,56,21,86,42,47,69,5,31,68
2025-11-19,38,9,49,21,88,11,7,56,20,85,17,47,75,5,99,76,33,47,15,39
2025-11-20,31,30,77,80,36,11,4,95,10,65,9,79,36,32,2,96,48,14,12,68
2025-11-21,20,49,19,38,76,2,22,92,65,88,2,87,78,12,44,38,86,66,73,91
2025-11-22,31,6,43,93,67,3,98,53,39,49,53,92,36,66,11,42,92,76,92,12
2025-11-23,46,52,9,52,37,0,10,48,10,39,98,43,56,41,10,80,73,44,19,73
2025-11-24,32,48,25,42,91,29,38,50,28,96,10,12,62,60,28,7,13,22,39,56
2025-11-25,61,69,4,54,4,65,31,60,47,81,9,53,31,1,53,78,61,4,64,71
2025-11-26,7,38,29,74,36,20,53,75,39,89,65,11,97,72,23,30,47,2,89,8
2025-11-27,17,53,79,93,11,1,69,27,13,0,96,73,34,59,89,91,53,93,75,54
2025-11-28,38,93,19,54,13,13,5,31,79,18,83,99,52,78,66,45,28,67,23,36
2025-11-29,15,57,16,80,47,71,45,77,88,46,36,71,96,17,74,0,98,79,94,10
2025-11-30,5,43,5,5,9,6,9,36,50,10,64,60,29,30,98,30,90,20,17,86
2025-12-01,60,76,57,97,2,15,11,67,31,78,12,23,6,99,71,10,64,43,91,13
2025-12-02,2,15,93,92,6,52,68,0,1,6,70,94,6,14,46,44,21,20,13,25
2025-12-03,84,45,91,84,52,82,16,64,94,61,49,65,13,29,25,11,70,63,87,69
2025-12-04,81,13,6,37,13,76,43,93,8,94,72,80,49,36,72,97,2,59,24,40
2025-12-05,57,21,1,6,2,4,16,44,45,1,2,25,4,20,3,8,66,13,44,80
2025-12-06,5,27,62,17,51,69,94,97,16,87,5,45,46,8,31,77,21,62,96,5
2025-12-07,1,26,9,8,41,65,74,10,57,71,61,46,44,77,23,18,5,40,66,52
2025-12-08,8,99,37,0,60,0,90,60,32,33,10,42,50,15,67,31,6,24,3,90
2025-12-09,46,95,61,4,17,53,0,61,87,31,83,92,25,47,31,28,0,23,79,89
2025-12-10,29,3,75,70,28,81,75,9,48,16,16,37,15,82,44,87,54,60,56,18
2025-12-11,13,29,67,86,15,8,84,35,25,0,20,4,69,6,75,68,3,99,97,94
2025-12-12,24,66,44,33,42,69,10,44,93,61,91,2,56,69,33,12,8,54,19,5
2025-12-13,82,80,74,54,51,54,77,66,14,34,68,55,93,27,72,71,75,64,88,78
2025-12-14,81,44,6,54,47,92,67,79,69,63,91,6,87,80,99,13,84,24,6,25
2025-12-15,14,28,91,65,57,87,89,96,87,81,3,55,39,6,9,42,94,45,77,21
2025-12-16,23,84,29,64,0,2,47,58,7,78,6,65,67,43,46,0,53,30,22,10
2025-12-17,61,85,12,72,48,0,48,84,95,46,44,34,37,47,7,64,35,66,63,88
2025-12-18,28,93,65,62,55,20,0,55,91,84,7,31,47,48,18,68,48,85,25,90
2025-12-19,82,41,80,63,45,51,54,22,15,78,8,68,87,43,77,86,28,25,53,90
2025-12-20,69,18,40,57,37,19,81,68,78,16,15,9,65,90,85,25,33,47,1,67
2025-12-21,21,81,51,15,74,80,85,10,47,5,95,46,76,25,21,48,60,27,34,41
2025-12-22,1,24,77,81,73,13,14,31,21,2,22,48,60,8,37,37,13,94,99,11
2025-12-23,27,1,78,41,98,49,6,82,78,20,18,93,99,71,17,19,66,8,19,0
2025-12-24,54,61,96,9,91,30,88,67,33,88,59,65,89,45,11,8,32,85,95,56
2025-12-25,57,24,88,39,48,96,79,76,45,14,34,43,79,76,92,7,44,83,46,23
2025-12-26,79,5,36,68,16,83,39,38,94,14,43,51,9,31,53,92,46,55,67,14
2025-12-27,14,47,62,31,8,75,69,90,79,74,52,93,68,11,77,22,80,99,13,8
2025-12-28,78,79,67,46,85,66,86,33,34,61,68,13,15,83,57,22,33,81,21,60
2025-12-29,50,95,76,71,75,94,25,3,28,91,69,15,33,60,16,59,7,72,30,42
2025-12-30,1,64,68,87,72,67,42,7,64,2,65,7,5,56,92,72,70,79,46,72
2025-12-31,47,94,71,30,36,63,47,15,63,61,1,38,73,18,85,56,40,98,63,92
2026-01-01,99,45,36,86,1,46,64,81,68,2,67,65,0,29,46,63,68,54,99,68
2026-01-02,16,72,21,16,63,51,94,58,52,13,86,31,41,50,95,25,68,70,2,39
2026-01-03,4,14,7,25,69,14,39,57,20,25,55,69,47,36,84,83,27,71,62,7
2026-01-04,6,0,14,11,10,40,72,45,55,33,65,33,31,94,43,44,7,92,36,68
2026-01-05,67,88,87,15,10,88,27,83,40,34,17,97,6,52,71,41,29,15,19,94
2026-01-06,41,3,39,61,61,9,26,73,98,51,8,87,43,73,24,87,26,69,40,36
2026-01-07,19,83,44,41,11,14,36,4,59,18,72,64,47,20,77,99,71,72,19,40
2026-01-08,8,8,44,25,64,93,42,12,20,45,46,54,90,91,64,15,16,29,72,84
2026-01-09,65,84,23,68,27,65,2,60,89,26,86,5,65,41,2,64,15,49,24,12
2026-01-10,11,62,19,30,20,12,0,48,76,6,17,88,91,96,62,1,12,21,35,35
2026-01-11,17,17,95,9,1,2,55,22,48,46,90,16,31,67,52,58,46,82,12,95
2026-01-12,18,18,23,74,59,10,87,98,49,2,51,57,19,3,48,87,24,36,90,60
2026-01-13,56,32,96,69,10,4,61,26,10,73,86,44,30,13,67,1,68,95,38,72
2026-01-14,5,34,45,64,29,64,72,15,84,68,99,77,76,1,42,30,77,65,51,36
2026-01-15,10,31,60,29,11,1,90,22,93,2,42,49,39,9,87,91,75,10,25,29
2026-01-16,94,79,43,50,79,6,39,5,91,44,17,97,87,50,92,18,76,77,59,39
2026-01-17,28,64,32,13,85,79,29,0,23,56,68,40,85,26,94,64,74,53,99,16
2026-01-18,45,26,27,81,57,10,92,14,71,67,82,63,38,20,53,3,52,17,64,41
2026-01-19,75,59,49,65,22,92,7,34,5,58,38,5,66,95,10,22,27,68,38,75
2026-01-20,46,2,17,32,63,68,64,6,36,63,63,57,42,0,55,26,35,59,47,43
2026-01-21,40,76,49,61,9,61,5,77,1,74,52,70,24,52,84,21,2,75,70,15
2026-01-22,34,41,3,38,9,99,98,56,47,96,66,13,21,65,94,33,11,75,20,9
2026-01-23,68,54,43,5,1,41,60,87,59,48,17,15,61,35,15,39,73,7,13,58
2026-01-24,55,15,60,63,8,72,11,75,24,22,67,66,27,96,38,40,20,5,81,33
2026-01-25,49,78,10,61,36,83,38,95,37,3,54,12,13,48,28,54,65,90,28,51
2026-01-26,76,58,36,8,19,3,61,50,29,94,50,98,36,62,31,93,25,19,63,32
2026-01-27,87,12,6,2,30,80,92,90,93,29,55,35,70,90,16,48,44,90,88,86
2026-01-28,74,91,99,13,91,55,26,56,49,54,37,64,67,6,77,54,87,65,99,74
2026-01-29,44,23,63,49,43,82,91,45,3,87,4,44,33,36,63,85,72,43,77,64
2026-01-30,49,33,48,78,68,80,98,97,91,75,99,47,14,80,17,51,90,78,31,23
2026-01-31,60,75,76,76,0,70,65,40,99,44,7,5,42,61,99,43,57,84,70,91
2026-02-01,63,93,64,12,34,46,80,29,49,22,37,28,93,90,73,12,94,15,5,4
2026-02-02,27,16,17,28,88,90,90,78,65,58,99,31,73,6,8,58,85,90,2,28
2026-02-03,85,55,16,45,78,77,85,2,30,30,25,43,41,39,43,31,98,57,46,23
2026-02-04,25,75,41,32,18,99,36,19,73,90,75,37,73,31,48,10,28,50,7,73
2026-02-05,41,53,45,71,63,70,23,62,52,7,5,58,58,77,76,45,42,38,94,68
2026-02-06,34,70,54,57,91,60,90,53,76,52,56,43,65,6,68,52,72,1,29,56
2026-02-07,46,10,5,40,41,37,93,20,71,18,4,62,84,33,54,63,66,60,89,18
2026-02-08,74,94,34,77,61,27,40,87,48,29,99,30,4,19,96,31,86,87,2,73
2026-02-09,54,62,43,12,13,2,26,65,28,37,58,63,86,36,72,34,71,93,33,49
2026-02-10,24,52,51,81,78,41,17,25,50,96,67,26,99,83,44,68,11,98,16,85
2026-02-11,47,74,32,50,59,41,46,97,45,16,48,90,25,30,26,37,47,33,18,33
2026-02-12,41,48,65,73,82,25,61,18,62,91,87,60,27,13,44,39,67,10,4,72
2026-02-13,60,35,74,44,79,83,74,93,7,12,79,72,42,53,20,34,7,3,65,59
2026-02-14,70,38,80,37,30,59,54,72,45,94,48,1,57,76,49,30,55,67,62,40
2026-02-15,38,81,26,38,66,41,39,12,51,98,85,78,48,82,91,21,49,85,82,88
2026-02-16,95,28,58,15,52,7,41,52,69,21,87,2,61,91,86,52,14,9,71,12
2026-02-17,5,44,18,80,54,85,38,92,97,55,18,5,91,50,20,37,93,96,20,50
2026-02-18,80,72,65,82,81,60,49,81,76,19,50,59,96,47,27,19,93,54,25,42
2026-02-19,2,0,34,70,73,0,68,75,23,15,70,56,39,57,81,9,51,27,28,77
2026-02-20,64,88,36,50,14,85,61,91,63,13,56,94,16,32,64,56,18,16,14,53
2026-02-21,91,50,40,20,88,98,71,51,91,52,34,18,13,44,38,20,50,72,61,77
2026-02-22,80,13,99,16,73,56,51,90,78,5,62,49,41,3,87,32,99,81,80,59
2026-02-23,82,25,59,58,43,56,75,18,97,46,69,90,96,58,95,57,25,55,11,72
2026-02-24,23,41,37,23,72,31,94,0,45,46,58,11,86,22,38,56,0,62,20,76
2026-02-25,28,60,49,88,35,50,53,11,54,48,17,62,51,14,62,46,90,53,24,74
2026-02-26,42,83,45,21,49,10,39,56,61,37,15,32,50,54,84,5,53,18,88,68
2026-02-27,27,58,86,14,31,47,24,13,19,33,75,98,21,81,44,11,59,39,30,37
2026-02-28,51,49,39,10,51,89,39,54,63,42,79,3,11,2,93,9,81,9,43,54
2026-03-01,78,15,64,86,94,98,92,34,19,42,21,92,45,30,92,29,49,45,83,48
2026-03-02,35,12,53,66,25,66,46,4,4,5,41,81,32,62,84,55,92,30,50,54
2026-03-03,17,49,65,9,64,52,37,38,85,96,35,45,48,65,24,35,13,0,18,4
2026-03-04,24,36,6,96,13,85,71,76,22,93,23,2,15,35,8,81,56,92,58,6
2026-03-05,53,7,93,65,34,60,75,93,62,67,40,22,35,66,87,66,95,67,62,1
2026-03-06,60,7,52,58,64,87,47,48,54,33,27,10,83,4,98,28,70,73,39,41
2026-03-07,59,6,2,72,51,99,29,37,63,68,38,12,6,0,37,27,2,65,35,54
2026-03-08,86,36,21,27,3,22,90,12,33,12,5,37,82,3,68,4,72,96,27,45
2026-03-09,54,22,4,6,37,20,51,6,68,15,3,25,68,11,77,62,30,9,90,23
2026-03-10,63,69,53,58,29,58,82,77,22,78,67,43,48,51,77,61,84,82,91,87
2026-03-11,2,36,37,68,56,99,61,56,85,79,16,48,99,70,2,6,73,77,81,29
2026-03-12,80,99,57,59,24,21,0,21,15,66,4,96,91,31,91,47,85,68,9,71
2026-03-13,63,80,76,73,64,85,77,73,12,97,87,53,90,53,55,84,38,71,80,89
2026-03-14,62,28,78,9,64,70,87,39,75,56,62,68,15,73,9,97,14,98,25,40
2026-03-15,57,47,70,67,36,76,48,61,70,61,7,75,47,13,19,22,88,60,5,80
2026-03-16,69,51,82,76,50,73,2,50,36,23,46,39,18,99,5,83,75,7,34,61
2026-03-17,15,74,35,14,69,25,35,43,43,79,64,85,77,93,34,57,84,81,80,43
2026-03-18,48,7,17,44,31,24,14,75,81,49,82,91,15,83,2,11,41,67,48,20
2026-03-19,63,86,79,29,90,38,89,10,93,34,43,83,68,55,67,52,2,47,60,13
2026-03-20,22,22,54,22,22,42,78,27,25,50,35,98,80,39,11,21,78,45,19,62
2026-03-21,63,32,14,56,56,45,96,32,50,63,69,84,22,86,10,6,87,32,79,77
2026-03-22,67,20,42,80,9,50,15,10,44,30,82,48,74,66,95,26,78,18,86,87
2026-03-23,81,32,14,84,58,44,41,10,64,52,96,67,96,13,68,81,61,61,15,32
2026-03-24,63,47,86,77,53,61,65,65,69,49,12,95,1,1,93,49,81,38,43,70
2026-03-25,50,90,69,52,82,54,29,12,35,63,98,74,61,20,70,52,73,36,47,52
2026-03-26,36,57,27,7,17,49,6,38,67,51,55,72,12,26,42,26,43,89,11,29
2026-03-27,86,56,96,17,75,83,95,15,53,40,60,7,47,2,30,82,46,85,5,70
2026-03-28,5,15,80,1,38,93,15,94,19,26,63,0,70,90,35,60,35,69,52,50
2026-03-29,5,66,50,32,47,33,27,12,21,12,1,73,9,39,64,70,7,88,8,51
2026-03-30,82,45,99,70,33,7,82,87,63,33,56,0,41,98,21,68,10,72,43,34
2026-03-31,50,81,83,35,63,32,45,65,25,32,16,60,84,91,94,77,47,81,25,51
2026-04-01,91,57,61,62,80,8,37,93,96,55,30,85,89,29,73,95,43,8,83,67
2026-04-02,75,66,41,96,62,52,55,76,60,7,27,51,16,85,77,75,46,28,83,35
2026-04-03,55,29,98,70,96,96,20,73,46,63,46,5,68,48,13,65,15,87,2,42
2026-04-04,34,88,74,26,33,63,96,40,83,71,70,23,2,46,60,47,38,28,85,16
2026-04-05,0,10,44,56,69,56,63,11,43,70,32,25,27,37,0,90,20,85,5,27
2026-04-06,54,14,98,56,80,27,19,84,22,38,74,23,65,95,53,27,94,91,62,75
2026-04-07,75,44,26,6,4,5,23,11,4,58,33,99,66,93,6,26,78,61,36,84
2026-04-08,50,91,54,58,30,7,1,28,85,33,83,99,43,43,85,56,83,70,37,64
2026-04-09,2,50,8,55,81,16,39,54,20,3,0,25,30,46,84,41,8,32,30,56
2026-04-10,64,0,53,24,76,33,91,39,35,13,17,67,57,55,13,10,43,95,42,90
2026-04-11,96,11,92,72,9,72,49,13,23,70,31,95,82,55,62,91,32,80,44,87
2026-04-12,6,71,80,61,29,14,73,12,84,50,38,23,1,90,60,70,97,21,6,48
2026-04-13,42,6,47,54,11,69,34,56,63,35,73,65,5,13,4,86,34,53,52,47
2026-04-14,39,34,25,23,64,70,24,13,77,7,55,48,69,79,92,27,3,56,38,44
2026-04-15,84,36,53,13,79,48,32,43,23,56,22,35,8,30,38,77,64,11,60,44
2026-04-16,41,10,58,17,27,81,5,77,38,28,50,26,84,4,67,80,21,77,45,98
2026-04-17,37,32,89,65,77,41,49,98,54,74,97,72,71,11,21,78,98,43,76,1
2026-04-18,12,7,10,5,2,67,43,54,34,40,15,64,13,88,28,26,19,10,25,99
2026-04-19,2,49,35,77,61,2,8,65,69,63,65,83,38,31,82,33,95,72,70,90
2026-04-20,76,4,45,37,42,28,22,54,74,18,27,66,66,8,7,49,83,22,99,99
2026-04-21,60,96,39,50,70,7,76,93,57,21,13,21,20,86,13,97,77,73,61,4
2026-04-22,71,38,12,83,33,60,15,12,44,4,61,7,52,36,32,76,47,19,38,38
2026-04-23,52,64,30,31,79,18,65,98,78,26,3,28,0,58,45,60,79,23,37,46
2026-04-24,76,45,21,89,6,63,30,48,96,59,67,65,71,44,1,88,56,91,73,75
2026-04-25,65,96,79,43,27,39,18,23,16,5,39,75,6,64,97,45,27,62,68,29
2026-04-26,39,93,52,98,50,16,79,85,3,23,45,92,88,65,76,14,56,78,23,12
2026-04-27,59,91,97,42,46,62,3,54,62,12,82,53,86,55,30,37,95,45,50,75
2026-04-28,81,92,69,29,14,45,9,91,97,52,3,29,38,39,70,98,2,96,91,85
2026-04-29,43,39,47,65,26,40,95,7,20,4,59,51,6,46,19,64,80,10,75,44
2026-04-30,51,44,71,71,58,22,38,81,31,91,28,55,61,16,49,26,23,48,29,59
2026-05-01,70,72,20,33,96,91,92,60,55,53,73,4,16,27,64,26,14,9,89,67
2026-05-02,42,9,63,62,0,32,76,86,25,44,77,59,35,97,51,62,50,12,54,28
2026-05-03,2,16,92,80,2,60,58,47,14,93,52,73,84,96,10,38,52,57,91,48
2026-05-04,76,44,38,25,30,63,5,31,67,8,54,45,6,7,60,52,72,62,49,43
2026-05-05,31,4,7,57,57,4,43,94,18,76,50,77,27,98,35,62,68,66,52,67
2026-05-06,67,73,72,67,91,89,4,98,79,59,60,38,43,37,94,59,15,77,69,63
2026-05-07,26,61,81,16,54,20,55,64,81,49,93,91,81,55,18,65,70,49,96,9
2026-05-08,85,90,62,88,21,34,18,31,16,16,3,74,30,61,69,67,93,71,61,13
2026-05-09,2,72,86,59,99,88,93,73,96,60,46,4,92,39,9,71,33,54,99,65
2026-05-10,2,5,57,5,0,32,5,85,37,47,75,33,32,26,97,20,68,64,46,76
2026-05-11,18,7,63,26,87,57,18,28,59,93,38,5,68,55,75,50,39,43,81,38
2026-05-12,46,25,1,21,80,91,74,43,68,12,9,18,60,42,18,54,91,55,51,35
2026-05-13,1,24,33,45,92,30,31,32,21,43,74,73,0,76,39,1,99,87,35,68
2026-05-14,63,98,18,21,67,7,82,21,76,15,74,8,10,4,65,16,36,88,31,16
2026-05-15,66,15,72,44,93,23,48,85,64,20,7,56,56,21,79,23,97,71,60,65
2026-05-16,0,36,86,92,19,89,37,69,87,22,13,47,62,56,67,91,11,96,16,93
2026-05-17,75,81,87,11,66,34,38,52,59,70,61,22,36,86,71,45,23,83,24,90
2026-05-18,43,66,22,15,23,55,68,48,78,15,93,59,33,54,44,80,28,62,73,97
2026-05-19,9,62,36,39,42,33,52,24,84,83,9,7,41,66,60,20,55,2,16,27
2026-05-20,73,75,12,16,19,57,8,78,67,71,29,55,30,43,8,19,8,61,80,97
2026-05-21,68,85,34,80,22,55,37,68,58,77,23,89,31,6,39,3,65,18,73,90
2026-05-22,58,66,42,8,43,41,38,62,51,90,75,71,90,47,91,41,28,79,80,41
2026-05-23,63,86,2,76,34,93,13,64,75,14,87,40,3,65,0,93,51,87,66,93
2026-05-24,54,32,8,25,90,98,3,25,20,51,45,98,35,59,79,1,79,69,90,96
2026-05-25,56,73,98,84,58,14,37,87,8,88,63,80,40,30,96,58,68,92,47,8
2026-05-26,24,62,76,50,64,68,4,47,87,5,67,55,71,89,88,82,43,17,71,75
2026-05-27,14,74,74,54,85,90,17,17,9,92,16,53,9,59,42,23,68,46,48,96
2026-05-28,31,99,83,16,35,31,73,26,27,73,77,73,49,74,59,85,70,61,61,29
2026-05-29,59,97,94,12,39,22,77,56,88,12,62,48,58,81,84,0,85,98,76,19
2026-05-30,29,9,98,41,90,76,35,25,45,33,55,2,62,88,22,34,91,69,1,41
2026-05-31,12,23,76,8,33,15,76,38,48,13,90,86,78,83,99,53,86,87,47,17
2026-06-01,56,78,67,71,18,10,30,54,21,19,98,75,35,12,15,39,21,2,80,26
2026-06-02,86,94,48,25,64,94,75,15,82,56,45,18,53,73,37,95,16,2,50,17
2026-06-03,64,43,41,45,12,27,44,76,88,27,15,36,36,45,61,42,25,8,80,73
2026-06-04,85,18,85,90,84,3,34,96,53,76,30,44,38,79,14,46,88,86,81,10
2026-06-05,58,32,97,57,90,18,82,41,48,82,19,16,5,53,69,92,76,61,50,45
2026-06-06,43,80,35,31,89,87,73,65,36,76,78,50,38,11,57,52,63,1,62,82
2026-06-07,58,45,99,61,79,22,19,92,92,12,96,72,29,21,65,9,71,82,50,82
2026-06-08,67,57,42,65,97,11,16,66,98,49,39,96,27,32,42,51,5,40,58,12
2026-06-09,46,30,11,91,35,49,52,16,56,24,60,11,79,86,98,89,66,14,8,7
2026-06-10,83,76,22,23,9,97,25,84,76,80,62,21,22,93,55,67,53,34,70,85
2026-06-11,23,16,6,90,68,71,5,39,5,68,34,98,72,14,18,12,24,97,98,28
2026-06-12,24,25,50,48,44,7,25,45,21,62,15,35,75,59,91,28,1,50,22,12
2026-06-13,1,58,38,32,38,76,23,50,99,4,65,68,42,80,67,71,12,54,16,7
2026-06-14,42,9,0,97,87,18,14,34,11,33,70,23,77,92,3,54,7,55,3,49
2026-06-15,42,95,18,10,7,13,58,97,59,65,61,17,94,99,15,24,57,91,58,37
2026-06-16,37,40,93,77,80,4,30,78,11,26,82,55,54,29,9,86,18,52,59,47
2026-06-17,81,0,36,70,4,92,37,59,0,53,20,33,93,71,64,98,17,6,76,2
2026-06-18,77,50,22,64,49,18,80,28,24,69,41,34,56,65,12,89,37,19,12,89
2026-06-19,6,70,2,87,91,26,6,3,95,64,95,48,80,94,25,8,28,54,69,97
2026-06-20,78,8,92,84,21,89,22,52,76,9,70,51,50,61,7,12,17,15,44,60
2026-06-21,13,74,84,9,16,36,65,8,34,99,52,17,61,35,88,95,23,91,77,15
2026-06-22,82,17,0,77,34,92,44,61,74,84,17,20,88,29,63,7,66,18,79,74
2026-06-23,58,15,26,4,31,38,46,99,72,39,84,36,36,6,73,20,23,34,82,86
2026-06-24,55,92,42,60,92,52,46,2,88,18,45,79,51,78,83,85,7,20,90,26
2026-06-25,70,52,93,25,80,40,24,49,54,11,19,90,66,70,35,53,3,14,97,20
2026-06-26,49,93,65,16,44,46,47,84,55,76,36,69,42,76,73,34,35,82,59,61
2026-06-27,95,22,52,19,23,60,11,14,24,50,95,68,65,36,8,79,3,73,36,47
2026-06-28,52,24,66,27,14,35,83,41,96,3,1,89,19,21,78,18,61,4,87,57
2026-06-29,44,36,31,26,97,30,23,45,25,27,26,13,88,18,2,77,45,35,53,55
2026-06-30,38,85,84,36,22,48,15,28,38,38,17,50,61,61,80,7,15,43,48,20
2026-07-01,29,15,54,47,68,63,27,76,15,63,62,23,19,10,62,36,99,63,0,37
2026-07-02,1,62,91,74,26,17,87,11,70,24,30,4,16,3,52,44,53,6,80,12
2026-07-03,83,32,44,65,60,56,40,47,6,16,73,67,33,79,80,52,97,26,29,0
2026-07-04,14,81,62,19,67,16,40,99,31,67,0,29,30,83,17,32,16,47,27,17
2026-07-05,43,47,30,96,14,71,52,38,67,15,93,83,74,95,94,20,88,79,43,53
2026-07-06,56,51,42,62,82,95,66,94,96,65,28,51,90,12,74,94,71,94,72,98
2026-07-07,96,62,60,89,77,59,71,7,95,42,8,37,51,99,60,4,7,40,86,36
2026-07-08,98,1,54,97,48,50,31,80,93,42,91,13,67,30,10,61,54,56,73,47
2026-07-09,38,74,72,52,61,50,62,39,81,70,71,98,50,95,39,90,56,57,87,95
2026-07-10,19,12,77,35,13,23,34,77,7,50,1,69,96,35,92,88,34,20,33,91
2026-07-11,42,49,14,22,92,91,29,70,68,42,71,89,77,55,63,83,74,93,83,5
2026-07-12,71,13,83,10,28,31,93,98,53,52,54,64,6,29,61,23,60,90,76,53
2026-07-13,27,41,8,14,99,91,61,62,28,39,20,95,81,29,36,1,26,26,15,91
2026-07-14,2,56,41,40,15,79,32,68,31,90,22,83,74,87,98,57,72,57,89,61
2026-07-15,84,26,4,9,65,83,24,59,52,65,23,22,77,4,69,7,10,24,34,98
2026-07-16,45,42,77,26,59,69,85,12,65,0,49,36,81,72,69,16,31,28,19,42
2026-07-17,42,34,79,69,79,80,22,94,65,79,92,81,55,47,54,87,6,38,28,44
2026-07-18,60,77,0,43,29,73,27,23,17,50,5,69,88,19,49,88,85,78,18,43
2026-07-19,98,24,13,41,15,47,61,39,25,46,79,81,0,4,91,22,40,11,33,76
2026-07-20,5,44,61,28,82,0,42,85,11,19,65,31,24,52,63,71,38,58,91,95
2026-07-21,63,53,74,90,22,37,2,96,81,7,86,70,86,85,24,29,33,69,65,48
2026-07-22,54,45,32,81,57,76,15,24,40,22,61,71,22,1,60,98,32,63,4,56
2026-07-23,56,56,48,45,86,1,37,41,82,38,8,12,12,60,53,24,18,90,58,84
2026-07-24,26,47,25,15,38,0,88,44,12,46,87,95,0,97,32,70,75,90,40,76
2026-07-25,68,32,82,89,56,81,62,78,61,69,3,9,41,78,6,1,21,86,88,29
2026-07-26,68,70,0,37,15,34,26,7,98,50,14,23,3,30,6,24,43,67,83,5
2026-07-27,24,13,34,17,23,91,64,86,54,81,34,24,54,94,83,24,95,52,42,28
2026-07-28,62,57,82,91,74,18,13,53,15,61,16,23,8,83,58,34,39,13,84,30
2026-07-29,7,35,24,40,86,74,24,32,43,16,28,30,18,27,42,84,67,6,50,23
2026-07-30,0,56,19,64,26,24,59,59,84,19,98,36,96,15,95,96,29,20,60,13
2026-07-31,29,98,76,79,87,68,71,73,39,10,61,79,23,18,95,13,54,74,9,56
2026-08-01,68,4,41,47,55,3,89,86,85,51,78,80,96,81,11,14,50,70,83,1
2026-08-02,43,42,69,55,80,70,48,23,64,22,64,15,21,42,51,95,60,42,82,13
2026-08-03,1,25,53,63,80,60,11,79,1,70,52,49,74,4,41,94,1,87,64,90
2026-08-04,4,80,53,24,47,92,43,13,6,1,21,54,35,87,78,46,23,41,63,2
2026-08-05,88,65,96,66,36,43,0,5,10,39,28,40,40,35,51,93,52,82,77,41
2026-08-06,23,3,5,21,87,10,82,45,64,14,79,8,52,10,85,58,54,27,51,2
2026-08-07,48,21,89,27,51,0,74,16,99,29,66,95,75,34,92,21,63,74,35,83
2026-08-08,47,86,21,89,53,42,23,10,29,39,59,72,4,95,24,67,80,41,43,4
2026-08-09,40,93,36,89,70,88,19,66,9,48,72,16,95,46,44,88,86,91,66,66
2026-08-10,22,74,62,34,96,48,72,66,1,45,60,99,15,68,43,47,15,53,4,41
2026-08-11,40,17,99,71,95,74,49,61,16,15,48,20,77,29,8,58,55,26,12,62
2026-08-12,74,18,74,65,77,6,96,65,25,87,58,16,85,72,28,54,39,0,47,23
2026-08-13,15,9,22,75,35,13,16,65,40,62,5,72,96,78,72,19,40,15,76,74
2026-08-14,12,74,57,98,98,8,83,16,54,50,27,72,53,62,69,40,4,25,17,75
2026-08-15,24,36,44,83,84,21,40,24,97,53,0,9,85,39,90,66,53,81,73,58
2026-08-16,8,80,83,89,10,97,43,21,71,77,0,32,46,84,1,75,93,94,22,61
